{"type":"FeatureCollection","features":[{"type":"Feature","properties":{"n":"El Alto Palancia"},"geometry":{"type":"Polygon","coordinates":[[[-0.5309,39.7962],[-0.5484,39.7957],[-0.5585,39.7905],[-0.577,39.7732],[-0.5771,39.768],[-0.5881,39.7417],[-0.6308,39.7463],[-0.6524,39.7541],[-0.645,39.792],[-0.6562,39.836],[-0.6911,39.8525],[-0.707,39.8351],[-0.7125,39.8167],[-0.7225,39.8132],[-0.7275,39.8162],[-0.7305,39.8148],[-0.7376,39.8222],[-0.7372,39.8298],[-0.7452,39.832],[-0.7452,39.8358],[-0.754,39.8433],[-0.7736,39.8698],[-0.7931,39.8812],[-0.7977,39.8811],[-0.805,39.8924],[-0.8244,39.9031],[-0.8329,39.911],[-0.8332,39.9174],[-0.8404,39.925],[-0.8364,39.9284],[-0.8397,39.9418],[-0.8463,39.9477],[-0.8442,39.954],[-0.8392,39.9555],[-0.8357,39.96],[-0.8415,39.969],[-0.8381,39.9723],[-0.8378,39.9768],[-0.8243,39.9823],[-0.8163,39.9824],[-0.8032,39.9906],[-0.7896,39.9899],[-0.7776,39.9984],[-0.7746,40.0042],[-0.7673,40.01],[-0.762,40.0414],[-0.7537,40.0466],[-0.7477,40.0378],[-0.7305,40.0428],[-0.7187,40.0392],[-0.7033,40.0465],[-0.6814,40.0451],[-0.6642,40.0512],[-0.6308,40.048],[-0.6184,40.0452],[-0.6132,40.0374],[-0.6097,40.0378],[-0.599,40.0262],[-0.5853,40.0244],[-0.5813,40.0208],[-0.5814,40.0137],[-0.5477,40.0113],[-0.5367,40.0127],[-0.5133,40.0056],[-0.4886,40.0054],[-0.4858,39.9989],[-0.4802,39.9955],[-0.4804,39.9925],[-0.4699,39.9887],[-0.4665,39.9805],[-0.4488,39.9678],[-0.4475,39.9618],[-0.4114,39.9386],[-0.4168,39.9359],[-0.4131,39.9278],[-0.4041,39.9224],[-0.3901,39.9183],[-0.3892,39.9115],[-0.3766,39.9014],[-0.3828,39.8947],[-0.3717,39.8873],[-0.3677,39.8799],[-0.3265,39.8727],[-0.3231,39.8658],[-0.3044,39.8682],[-0.2934,39.8637],[-0.2923,39.8579],[-0.3001,39.8534],[-0.3025,39.8413],[-0.3128,39.8308],[-0.3163,39.8231],[-0.3135,39.8227],[-0.3105,39.814],[-0.316,39.7998],[-0.3781,39.8004],[-0.3899,39.788],[-0.3918,39.7799],[-0.3859,39.7764],[-0.3869,39.7692],[-0.4096,39.7452],[-0.4192,39.746],[-0.433,39.7364],[-0.4391,39.7369],[-0.4375,39.7332],[-0.4399,39.7273],[-0.4484,39.7164],[-0.461,39.7154],[-0.4751,39.7318],[-0.4827,39.7342],[-0.4983,39.7476],[-0.5059,39.7595],[-0.5085,39.7708],[-0.5138,39.7791],[-0.5309,39.7962]]]}},{"type":"Feature","properties":{"n":"la Plana Baixa"},"geometry":{"type":"Polygon","coordinates":[[[-0.2765,39.7705],[-0.2975,39.7852],[-0.3086,39.797],[-0.316,39.7998],[-0.3105,39.814],[-0.3135,39.8227],[-0.3163,39.8231],[-0.3128,39.8308],[-0.3025,39.8413],[-0.3001,39.8534],[-0.2923,39.8579],[-0.2945,39.8656],[-0.3044,39.8682],[-0.3223,39.8656],[-0.3265,39.8727],[-0.3677,39.8799],[-0.3717,39.8873],[-0.3828,39.8947],[-0.3766,39.9014],[-0.3892,39.9115],[-0.3901,39.9183],[-0.4093,39.9252],[-0.4134,39.9281],[-0.4168,39.9359],[-0.4114,39.9386],[-0.4008,39.9343],[-0.3956,39.9357],[-0.3917,39.9429],[-0.3863,39.9421],[-0.3797,39.9528],[-0.3751,39.9534],[-0.3685,39.9639],[-0.367,39.9719],[-0.3615,39.9743],[-0.3567,39.9814],[-0.3481,39.9753],[-0.3413,39.9799],[-0.3304,39.9781],[-0.3271,39.9722],[-0.3208,39.9698],[-0.2997,39.9832],[-0.2917,39.994],[-0.2813,40.0019],[-0.287,40.0193],[-0.2911,40.0227],[-0.2984,40.0375],[-0.2988,40.0398],[-0.2927,40.0473],[-0.283,40.0482],[-0.2721,40.0409],[-0.2327,40.0254],[-0.2251,40.0257],[-0.2124,40.0218],[-0.2068,40.011],[-0.1722,40.0227],[-0.1608,40.0202],[-0.158,40.0111],[-0.1586,40.0021],[-0.1352,39.9865],[-0.1371,39.9828],[-0.1466,39.9779],[-0.1535,39.9711],[-0.1421,39.9659],[-0.1353,39.9657],[-0.1298,39.9616],[-0.1208,39.9596],[-0.1167,39.9635],[-0.1144,39.9599],[-0.107,39.9591],[-0.1008,39.9548],[-0.0859,39.9537],[-0.0563,39.9292],[-0.0225,39.9182],[-0.0093,39.9107],[-0.033,39.8952],[-0.0549,39.8755],[-0.0544,39.8723],[-0.0587,39.8722],[-0.0603,39.8693],[-0.0578,39.8682],[-0.0627,39.8676],[-0.0653,39.8618],[-0.0625,39.8608],[-0.0662,39.8611],[-0.0662,39.8585],[-0.0671,39.8574],[-0.0668,39.8613],[-0.07,39.861],[-0.0685,39.8625],[-0.0707,39.8645],[-0.0753,39.862],[-0.0716,39.8625],[-0.073,39.8606],[-0.069,39.8585],[-0.0772,39.8628],[-0.0886,39.8544],[-0.1028,39.8323],[-0.1212,39.8143],[-0.132,39.7944],[-0.1422,39.7862],[-0.1563,39.7629],[-0.1591,39.7627],[-0.1784,39.7399],[-0.1882,39.7219],[-0.234,39.7401],[-0.2571,39.7427],[-0.2642,39.7455],[-0.272,39.751],[-0.2737,39.7551],[-0.2716,39.7604],[-0.2756,39.7644],[-0.2765,39.7705]]]}},{"type":"Feature","properties":{"n":"el Vinalopó Mitjà/El Vinalopó Medio"},"geometry":{"type":"Polygon","coordinates":[[[-0.9716,38.3292],[-0.9893,38.3207],[-1.028,38.3384],[-1.0586,38.3455],[-1.0844,38.3462],[-1.0881,38.3678],[-1.088,38.4053],[-1.0852,38.429],[-1.0772,38.4314],[-1.0942,38.4379],[-1.082,38.4412],[-1.0594,38.4558],[-1.0345,38.4745],[-1.0137,38.4967],[-0.9852,38.5055],[-0.9524,38.4839],[-0.9482,38.4789],[-0.9323,38.4819],[-0.915,38.4748],[-0.8971,38.4716],[-0.8743,38.4753],[-0.8494,38.5096],[-0.8558,38.513],[-0.8382,38.5087],[-0.7973,38.5128],[-0.7936,38.516],[-0.7936,38.5201],[-0.7817,38.5239],[-0.7492,38.5517],[-0.7442,38.5516],[-0.7169,38.5383],[-0.698,38.5255],[-0.6681,38.5126],[-0.657,38.5034],[-0.6533,38.4858],[-0.662,38.4711],[-0.6685,38.4658],[-0.7058,38.4521],[-0.6869,38.424],[-0.6636,38.4072],[-0.6363,38.3964],[-0.6449,38.3866],[-0.6567,38.3823],[-0.6451,38.3503],[-0.6404,38.3447],[-0.6452,38.3413],[-0.668,38.3368],[-0.6794,38.3311],[-0.7085,38.3264],[-0.7351,38.3123],[-0.7495,38.3095],[-0.7595,38.2999],[-0.7694,38.2966],[-0.782,38.2951],[-0.7959,38.2897],[-0.8024,38.2932],[-0.8323,38.2898],[-0.8657,38.2815],[-0.8754,38.2777],[-0.8959,38.2639],[-0.8997,38.268],[-0.9247,38.2539],[-0.9624,38.2573],[-0.9487,38.2836],[-0.9716,38.3292]]]}},{"type":"Feature","properties":{"n":"l'Alacantí"},"geometry":{"type":"MultiPolygon","coordinates":[[[[-0.4001,38.5403],[-0.3946,38.5328],[-0.3888,38.5367],[-0.3807,38.5352],[-0.381,38.5367],[-0.3724,38.5358],[-0.3667,38.538],[-0.362,38.5369],[-0.3556,38.5291],[-0.344,38.5274],[-0.332,38.5171],[-0.3319,38.5132],[-0.3267,38.5089],[-0.3243,38.5097],[-0.3221,38.5004],[-0.3174,38.4975],[-0.3135,38.4988],[-0.3078,38.4966],[-0.3073,38.4924],[-0.3032,38.4916],[-0.3046,38.4852],[-0.3016,38.4823],[-0.3168,38.4746],[-0.3183,38.471],[-0.3181,38.473],[-0.3432,38.4558],[-0.3535,38.4524],[-0.3564,38.4489],[-0.3605,38.4493],[-0.3625,38.4462],[-0.364,38.4478],[-0.3646,38.4457],[-0.3749,38.4431],[-0.3775,38.4396],[-0.3764,38.4382],[-0.3826,38.4346],[-0.3801,38.4315],[-0.3829,38.4324],[-0.3827,38.43],[-0.3844,38.4285],[-0.3841,38.4318],[-0.3864,38.4315],[-0.3849,38.4295],[-0.3893,38.4259],[-0.3865,38.4246],[-0.3893,38.4246],[-0.3904,38.4209],[-0.3875,38.419],[-0.3904,38.419],[-0.3936,38.4138],[-0.4003,38.4124],[-0.406,38.3957],[-0.4095,38.3604],[-0.4029,38.3528],[-0.4118,38.352],[-0.4349,38.3554],[-0.4353,38.3604],[-0.445,38.3628],[-0.4752,38.3469],[-0.4784,38.3438],[-0.4776,38.337],[-0.4894,38.328],[-0.4786,38.3372],[-0.479,38.3398],[-0.4813,38.3386],[-0.4836,38.3413],[-0.4811,38.3433],[-0.4807,38.3398],[-0.4804,38.3435],[-0.4809,38.3437],[-0.4853,38.3417],[-0.4873,38.3393],[-0.4849,38.3411],[-0.4836,38.339],[-0.4867,38.3389],[-0.4825,38.3379],[-0.4878,38.3361],[-0.4865,38.3347],[-0.4899,38.3322],[-0.4952,38.334],[-0.4919,38.3306],[-0.4943,38.319],[-0.4974,38.3211],[-0.4954,38.3212],[-0.4962,38.329],[-0.499,38.33],[-0.5015,38.326],[-0.5001,38.323],[-0.5034,38.3262],[-0.5028,38.3298],[-0.5057,38.3298],[-0.5046,38.3274],[-0.5085,38.3302],[-0.5066,38.3281],[-0.5097,38.3272],[-0.5129,38.3209],[-0.5169,38.31],[-0.5188,38.2981],[-0.5198,38.2977],[-0.5194,38.2743],[-0.5226,38.2743],[-0.5286,38.2893],[-0.5401,38.3055],[-0.5682,38.3015],[-0.5775,38.3058],[-0.601,38.3249],[-0.6118,38.3372],[-0.6235,38.3434],[-0.6404,38.3447],[-0.6451,38.3503],[-0.6567,38.3823],[-0.6449,38.3866],[-0.6363,38.3964],[-0.6636,38.4072],[-0.6869,38.424],[-0.7058,38.4521],[-0.6685,38.4658],[-0.662,38.4711],[-0.6533,38.4858],[-0.6555,38.4943],[-0.6355,38.498],[-0.6314,38.5023],[-0.6265,38.4856],[-0.6148,38.4763],[-0.5901,38.4743],[-0.5621,38.4809],[-0.5536,38.5035],[-0.5569,38.5108],[-0.5451,38.5249],[-0.5412,38.5351],[-0.5449,38.5357],[-0.5482,38.5431],[-0.5518,38.5444],[-0.5503,38.5499],[-0.5526,38.5519],[-0.5544,38.5637],[-0.5601,38.5708],[-0.5567,38.5788],[-0.5585,38.5827],[-0.5571,38.5869],[-0.5673,38.5869],[-0.5753,38.5898],[-0.5392,38.5982],[-0.5096,38.6089],[-0.4847,38.6302],[-0.4832,38.6425],[-0.4686,38.6509],[-0.4672,38.6413],[-0.4645,38.6425],[-0.4597,38.64],[-0.4602,38.6365],[-0.4457,38.6261],[-0.4365,38.6281],[-0.4287,38.6359],[-0.4279,38.6342],[-0.4203,38.6345],[-0.4173,38.6379],[-0.4123,38.6342],[-0.4074,38.6355],[-0.4097,38.633],[-0.4077,38.6307],[-0.4002,38.6284],[-0.386,38.6162],[-0.3641,38.6179],[-0.3502,38.614],[-0.3496,38.6122],[-0.3582,38.6056],[-0.3637,38.6048],[-0.3654,38.6008],[-0.378,38.597],[-0.376,38.591],[-0.3912,38.587],[-0.3993,38.5792],[-0.4085,38.5743],[-0.403,38.5649],[-0.3939,38.5592],[-0.4001,38.5403]]],[[[-0.4851,38.1668],[-0.4764,38.1658],[-0.472,38.1665],[-0.4648,38.1629],[-0.4762,38.1628],[-0.4783,38.1655],[-0.4851,38.1668]]],[[[-0.4576,38.1619],[-0.4592,38.1607],[-0.459,38.1609],[-0.4598,38.161],[-0.4598,38.1616],[-0.4591,38.1615],[-0.4576,38.1619]]],[[[-0.4854,38.1668],[-0.4864,38.1665],[-0.4872,38.1669],[-0.4854,38.1668]]],[[[-0.4741,38.1611],[-0.4753,38.1613],[-0.4752,38.1617],[-0.4741,38.1611]]],[[[-0.4639,38.1627],[-0.4645,38.1625],[-0.4647,38.1628],[-0.4639,38.1627]]],[[[-0.4567,38.1613],[-0.4562,38.1614],[-0.4561,38.1613],[-0.4567,38.1613]]],[[[-0.4569,38.1616],[-0.4571,38.1615],[-0.457,38.1616],[-0.4572,38.1616],[-0.4573,38.1618],[-0.4569,38.1616]]],[[[-0.4766,38.1611],[-0.4768,38.1612],[-0.4764,38.1612],[-0.4766,38.1611]]],[[[-0.4856,38.165],[-0.4854,38.1651],[-0.4855,38.1652],[-0.4856,38.165]]],[[[-0.4575,38.1618],[-0.4574,38.1619],[-0.4573,38.1618],[-0.4575,38.1618]]],[[[-0.4708,38.1605],[-0.4709,38.1607],[-0.4708,38.1608],[-0.4708,38.1605]]],[[[-0.475,38.1619],[-0.4751,38.1618],[-0.4751,38.1618],[-0.475,38.1619]]],[[[-0.4847,38.1659],[-0.4846,38.1659],[-0.4848,38.1658],[-0.4847,38.1659]]],[[[-0.4544,38.1613],[-0.4546,38.1615],[-0.4543,38.1614],[-0.4544,38.1613]]],[[[-0.4771,38.1663],[-0.4772,38.1661],[-0.4772,38.1662],[-0.4771,38.1663]]],[[[-0.4718,38.1667],[-0.4716,38.1668],[-0.4715,38.1668],[-0.4718,38.1667]]],[[[-0.4722,38.1666],[-0.472,38.1666],[-0.4722,38.1667],[-0.4722,38.1666]]],[[[-0.4556,38.1612],[-0.4556,38.1613],[-0.4555,38.1612],[-0.4556,38.1612]]],[[[-0.4542,38.1616],[-0.4543,38.1616],[-0.4544,38.1616],[-0.4542,38.1616]]],[[[-0.4564,38.1607],[-0.4565,38.1609],[-0.4564,38.1608],[-0.4564,38.1607]]],[[[-0.4548,38.1616],[-0.4549,38.1617],[-0.4548,38.1616],[-0.4548,38.1616]]],[[[-0.472,38.1625],[-0.4721,38.1626],[-0.472,38.1625],[-0.472,38.1625]]],[[[-0.4822,38.1649],[-0.4821,38.165],[-0.4821,38.165],[-0.4822,38.1649]]],[[[-0.4553,38.1612],[-0.4554,38.1613],[-0.4552,38.1612],[-0.4553,38.1612]]],[[[-0.4712,38.1618],[-0.4711,38.1618],[-0.4711,38.1618],[-0.4712,38.1618]]],[[[-0.4558,38.1612],[-0.4557,38.1613],[-0.4557,38.1612],[-0.4558,38.1612]]],[[[-0.4576,38.1617],[-0.4576,38.1618],[-0.4576,38.1619],[-0.4576,38.1617]]],[[[-0.4712,38.1618],[-0.4713,38.1619],[-0.4712,38.1619],[-0.4712,38.1618]]],[[[-0.4852,38.1668],[-0.4852,38.1667],[-0.4853,38.1668],[-0.4852,38.1668]]],[[[-0.4539,38.1615],[-0.4538,38.1614],[-0.4539,38.1615],[-0.4539,38.1615]]],[[[-0.4713,38.1667],[-0.4711,38.1667],[-0.4713,38.1666],[-0.4713,38.1667]]],[[[-0.4771,38.1629],[-0.4771,38.163],[-0.4771,38.1629],[-0.4771,38.1629]]],[[[-0.5129,38.3203],[-0.5129,38.3204],[-0.5129,38.3204],[-0.5129,38.3203]]],[[[-0.4558,38.1613],[-0.4559,38.1613],[-0.4559,38.1613],[-0.4558,38.1613]]],[[[-0.4645,38.1624],[-0.4644,38.1625],[-0.4644,38.1625],[-0.4645,38.1624]]],[[[-0.46,38.1612],[-0.4599,38.1612],[-0.46,38.1613],[-0.46,38.1612]]],[[[-0.4703,38.1621],[-0.4703,38.1622],[-0.4702,38.1622],[-0.4703,38.1621]]],[[[-0.4567,38.1611],[-0.4566,38.1612],[-0.4566,38.1611],[-0.4567,38.1611]]],[[[-0.4718,38.1623],[-0.4717,38.1623],[-0.4718,38.1623],[-0.4718,38.1623]]],[[[-0.4542,38.1615],[-0.4542,38.1614],[-0.4543,38.1615],[-0.4542,38.1615]]],[[[-0.4573,38.1614],[-0.4572,38.1614],[-0.4573,38.1613],[-0.4573,38.1614]]],[[[-0.4789,38.1666],[-0.4789,38.1666],[-0.4789,38.1665],[-0.4789,38.1666]]],[[[-0.4807,38.1673],[-0.4808,38.1673],[-0.4806,38.1673],[-0.4807,38.1673]]],[[[-0.4554,38.161],[-0.4555,38.161],[-0.4555,38.161],[-0.4554,38.161]]],[[[-0.4572,38.1616],[-0.4573,38.1615],[-0.4573,38.1616],[-0.4572,38.1616]]],[[[-0.4845,38.1669],[-0.4844,38.1669],[-0.4845,38.1669],[-0.4845,38.1669]]],[[[-0.4546,38.1616],[-0.4546,38.1617],[-0.4546,38.1617],[-0.4546,38.1616]]],[[[-0.4551,38.1614],[-0.4552,38.1615],[-0.4551,38.1614],[-0.4551,38.1614]]],[[[-0.4767,38.166],[-0.4766,38.1661],[-0.4767,38.166],[-0.4767,38.166]]],[[[-0.4709,38.1616],[-0.4708,38.1617],[-0.4708,38.1616],[-0.4709,38.1616]]],[[[-0.4566,38.1615],[-0.4565,38.1614],[-0.4565,38.1614],[-0.4566,38.1615]]],[[[-0.4564,38.1614],[-0.4563,38.1614],[-0.4563,38.1614],[-0.4564,38.1614]]],[[[-0.4549,38.1615],[-0.4549,38.1615],[-0.455,38.1615],[-0.4549,38.1615]]],[[[-0.4582,38.1619],[-0.4582,38.1618],[-0.4583,38.1618],[-0.4582,38.1619]]],[[[-0.456,38.1614],[-0.456,38.1614],[-0.456,38.1615],[-0.456,38.1614]]],[[[-0.4585,38.1618],[-0.4585,38.1618],[-0.4584,38.1618],[-0.4585,38.1618]]],[[[-0.4577,38.1619],[-0.4576,38.1619],[-0.4577,38.1619],[-0.4577,38.1619]]],[[[-0.485,38.167],[-0.485,38.167],[-0.485,38.167],[-0.485,38.167]]],[[[-0.4838,38.1671],[-0.4838,38.1672],[-0.4838,38.1671],[-0.4838,38.1671]]],[[[-0.4707,38.1618],[-0.4707,38.1618],[-0.4707,38.1618],[-0.4707,38.1618]]],[[[-0.4597,38.1616],[-0.4597,38.1617],[-0.4596,38.1617],[-0.4597,38.1616]]],[[[-0.4576,38.1621],[-0.4576,38.1621],[-0.4576,38.1621],[-0.4576,38.1621]]],[[[-0.4593,38.1608],[-0.4593,38.1608],[-0.4592,38.1608],[-0.4593,38.1608]]],[[[-0.4566,38.1615],[-0.4566,38.1616],[-0.4566,38.1616],[-0.4566,38.1615]]],[[[-0.4555,38.1613],[-0.4554,38.1612],[-0.4555,38.1612],[-0.4555,38.1613]]],[[[-0.476,38.1623],[-0.476,38.1623],[-0.476,38.1623],[-0.476,38.1623]]],[[[-0.4541,38.1615],[-0.4541,38.1615],[-0.4541,38.1615],[-0.4541,38.1615]]],[[[-0.4703,38.1622],[-0.4703,38.1622],[-0.4703,38.1622],[-0.4703,38.1622]]],[[[-0.4547,38.1615],[-0.4547,38.1615],[-0.4547,38.1615],[-0.4547,38.1615]]],[[[-0.4551,38.1616],[-0.455,38.1616],[-0.4551,38.1616],[-0.4551,38.1616]]],[[[-0.4569,38.1617],[-0.4568,38.1616],[-0.4569,38.1617],[-0.4569,38.1617]]],[[[-0.4745,38.1618],[-0.4746,38.1619],[-0.4745,38.1619],[-0.4745,38.1618]]],[[[-0.4755,38.1663],[-0.4755,38.1663],[-0.4755,38.1663],[-0.4755,38.1663]]],[[[-0.4852,38.1649],[-0.4852,38.165],[-0.4852,38.165],[-0.4852,38.1649]]],[[[-0.4552,38.1616],[-0.4551,38.1616],[-0.4552,38.1616],[-0.4552,38.1616]]],[[[-0.4595,38.1617],[-0.4594,38.1617],[-0.4594,38.1617],[-0.4595,38.1617]]],[[[-0.4578,38.1619],[-0.4578,38.1619],[-0.4578,38.1619],[-0.4578,38.1619]]],[[[-0.4573,38.1617],[-0.4573,38.1617],[-0.4573,38.1616],[-0.4573,38.1617]]],[[[-0.4786,38.1668],[-0.4786,38.1668],[-0.4786,38.1668],[-0.4786,38.1668]]],[[[-0.4549,38.1611],[-0.4549,38.1611],[-0.4549,38.1611],[-0.4549,38.1611]]],[[[-0.456,38.1615],[-0.4561,38.1615],[-0.456,38.1615],[-0.456,38.1615]]],[[[-0.4567,38.1615],[-0.4567,38.1615],[-0.4567,38.1615],[-0.4567,38.1615]]],[[[-0.4566,38.161],[-0.4565,38.1609],[-0.4565,38.1609],[-0.4566,38.161]]],[[[-0.4716,38.1668],[-0.4716,38.1668],[-0.4716,38.1668],[-0.4716,38.1668]]],[[[-0.4854,38.167],[-0.4854,38.1669],[-0.4854,38.1669],[-0.4854,38.167]]],[[[-0.472,38.1624],[-0.4719,38.1624],[-0.4719,38.1624],[-0.472,38.1624]]],[[[-0.4597,38.161],[-0.4597,38.161],[-0.4597,38.161],[-0.4597,38.161]]],[[[-0.4844,38.1658],[-0.4844,38.1658],[-0.4844,38.1658],[-0.4844,38.1658]]],[[[-0.4575,38.1621],[-0.4575,38.162],[-0.4575,38.1621],[-0.4575,38.1621]]],[[[-0.4834,38.1671],[-0.4834,38.1671],[-0.4833,38.1671],[-0.4834,38.1671]]],[[[-0.4751,38.1619],[-0.4751,38.162],[-0.475,38.1619],[-0.4751,38.1619]]],[[[-0.4719,38.1666],[-0.4719,38.1667],[-0.4719,38.1667],[-0.4719,38.1666]]],[[[-0.4539,38.1617],[-0.4539,38.1617],[-0.4539,38.1616],[-0.4539,38.1617]]],[[[-0.4592,38.1617],[-0.4592,38.1617],[-0.4592,38.1617],[-0.4592,38.1617]]],[[[-0.4768,38.1662],[-0.4768,38.1662],[-0.4767,38.1662],[-0.4768,38.1662]]],[[[-0.4571,38.1616],[-0.4571,38.1616],[-0.4571,38.1616],[-0.4571,38.1616]]],[[[-0.4549,38.1613],[-0.4549,38.1612],[-0.4549,38.1613],[-0.4549,38.1613]]],[[[-0.4548,38.1615],[-0.4548,38.1614],[-0.4548,38.1615],[-0.4548,38.1615]]],[[[-0.4861,38.1672],[-0.4861,38.1673],[-0.4861,38.1672],[-0.4861,38.1672]]],[[[-0.4551,38.1615],[-0.4551,38.1615],[-0.4551,38.1615],[-0.4551,38.1615]]],[[[-0.4858,38.1671],[-0.4859,38.1671],[-0.4858,38.1671],[-0.4858,38.1671]]],[[[-0.4551,38.1615],[-0.4551,38.1615],[-0.4551,38.1615],[-0.4551,38.1615]]],[[[-0.4646,38.1624],[-0.4646,38.1624],[-0.4646,38.1624],[-0.4646,38.1624]]],[[[-0.4858,38.1672],[-0.4858,38.1672],[-0.4859,38.1672],[-0.4858,38.1672]]],[[[-0.4576,38.1621],[-0.4576,38.1622],[-0.4576,38.1621],[-0.4576,38.1621]]],[[[-0.4565,38.1612],[-0.4565,38.1611],[-0.4565,38.1611],[-0.4565,38.1612]]],[[[-0.5172,38.3083],[-0.5172,38.3083],[-0.5172,38.3083],[-0.5172,38.3083]]],[[[-0.4544,38.1615],[-0.4544,38.1615],[-0.4543,38.1615],[-0.4544,38.1615]]],[[[-0.4553,38.161],[-0.4553,38.161],[-0.4553,38.161],[-0.4553,38.161]]],[[[-0.4575,38.1619],[-0.4576,38.162],[-0.4575,38.162],[-0.4575,38.1619]]],[[[-0.4561,38.1614],[-0.4561,38.1614],[-0.4561,38.1614],[-0.4561,38.1614]]],[[[-0.4561,38.1614],[-0.4561,38.1614],[-0.4561,38.1614],[-0.4561,38.1614]]],[[[-0.4574,38.162],[-0.4574,38.162],[-0.4574,38.1619],[-0.4574,38.162]]],[[[-0.4572,38.1612],[-0.4571,38.1612],[-0.4571,38.1612],[-0.4572,38.1612]]],[[[-0.4556,38.1614],[-0.4556,38.1614],[-0.4555,38.1614],[-0.4556,38.1614]]],[[[-0.4555,38.1611],[-0.4555,38.1611],[-0.4555,38.1611],[-0.4555,38.1611]]],[[[-0.4543,38.1613],[-0.4543,38.1613],[-0.4543,38.1613],[-0.4543,38.1613]]],[[[-0.4573,38.1618],[-0.4573,38.1618],[-0.4572,38.1618],[-0.4573,38.1618]]],[[[-0.4548,38.1612],[-0.4548,38.1611],[-0.4548,38.1611],[-0.4548,38.1612]]],[[[-0.4593,38.1617],[-0.4593,38.1617],[-0.4593,38.1617],[-0.4593,38.1617]]],[[[-0.4593,38.1618],[-0.4593,38.1618],[-0.4593,38.1618],[-0.4593,38.1618]]],[[[-0.4577,38.162],[-0.4577,38.162],[-0.4577,38.162],[-0.4577,38.162]]],[[[-0.4578,38.1621],[-0.4578,38.1621],[-0.4577,38.1621],[-0.4578,38.1621]]],[[[-0.5172,38.3072],[-0.5172,38.3071],[-0.5172,38.3072],[-0.5172,38.3072]]],[[[-0.4565,38.1611],[-0.4565,38.1611],[-0.4566,38.1611],[-0.4565,38.1611]]],[[[-0.4575,38.1617],[-0.4575,38.1617],[-0.4575,38.1617],[-0.4575,38.1617]]],[[[-0.4544,38.1613],[-0.4544,38.1613],[-0.4544,38.1613],[-0.4544,38.1613]]],[[[-0.4581,38.1619],[-0.4581,38.162],[-0.4581,38.162],[-0.4581,38.1619]]],[[[-0.4553,38.161],[-0.4553,38.161],[-0.4553,38.161],[-0.4553,38.161]]],[[[-0.4582,38.1619],[-0.4582,38.1619],[-0.4582,38.1619],[-0.4582,38.1619]]],[[[-0.4556,38.1611],[-0.4556,38.1611],[-0.4556,38.1611],[-0.4556,38.1611]]],[[[-0.4552,38.1615],[-0.4552,38.1615],[-0.4552,38.1615],[-0.4552,38.1615]]],[[[-0.4592,38.1618],[-0.4591,38.1618],[-0.4591,38.1618],[-0.4592,38.1618]]],[[[-0.4553,38.1612],[-0.4553,38.1611],[-0.4553,38.1611],[-0.4553,38.1612]]],[[[-0.4584,38.1617],[-0.4584,38.1617],[-0.4584,38.1617],[-0.4584,38.1617]]],[[[-0.4559,38.1614],[-0.4559,38.1613],[-0.4559,38.1614],[-0.4559,38.1614]]],[[[-0.455,38.1614],[-0.455,38.1614],[-0.455,38.1614],[-0.455,38.1614]]],[[[-0.4549,38.1612],[-0.4549,38.1612],[-0.4549,38.1612],[-0.4549,38.1612]]],[[[-0.4571,38.1619],[-0.457,38.1619],[-0.4571,38.1619],[-0.4571,38.1619]]],[[[-0.4566,38.161],[-0.4566,38.161],[-0.4566,38.161],[-0.4566,38.161]]],[[[-0.4585,38.1619],[-0.4584,38.1619],[-0.4585,38.1619],[-0.4585,38.1619]]],[[[-0.4592,38.1617],[-0.4592,38.1617],[-0.4592,38.1617],[-0.4592,38.1617]]],[[[-0.4592,38.1617],[-0.4592,38.1617],[-0.4591,38.1617],[-0.4592,38.1617]]],[[[-0.4544,38.1616],[-0.4544,38.1616],[-0.4544,38.1616],[-0.4544,38.1616]]],[[[-0.4554,38.1609],[-0.4554,38.1609],[-0.4554,38.1609],[-0.4554,38.1609]]],[[[-0.4581,38.1619],[-0.4581,38.1619],[-0.4581,38.1619],[-0.4581,38.1619]]],[[[-0.4576,38.1619],[-0.4576,38.1619],[-0.4576,38.1619],[-0.4576,38.1619]]],[[[-0.4573,38.1619],[-0.4573,38.1619],[-0.4573,38.162],[-0.4573,38.1619]]],[[[-0.4548,38.1611],[-0.4548,38.1611],[-0.4548,38.1611],[-0.4548,38.1611]]],[[[-0.4571,38.1619],[-0.4571,38.1619],[-0.4571,38.1619],[-0.4571,38.1619]]],[[[-0.4548,38.1615],[-0.4548,38.1615],[-0.4548,38.1615],[-0.4548,38.1615]]]]}},{"type":"Feature","properties":{"n":"el Camp de Morvedre"},"geometry":{"type":"MultiPolygon","coordinates":[[[[-0.3794,39.6243],[-0.3907,39.6426],[-0.3931,39.6648],[-0.399,39.674],[-0.3892,39.6907],[-0.3995,39.7022],[-0.4048,39.714],[-0.4083,39.7186],[-0.427,39.717],[-0.4451,39.7189],[-0.4375,39.7332],[-0.4391,39.7369],[-0.433,39.7364],[-0.4192,39.746],[-0.4096,39.7452],[-0.3869,39.7692],[-0.3859,39.7764],[-0.3918,39.7799],[-0.3899,39.788],[-0.3781,39.8004],[-0.3259,39.8013],[-0.3086,39.797],[-0.2975,39.7852],[-0.2765,39.7705],[-0.2756,39.7644],[-0.2716,39.7604],[-0.2737,39.7551],[-0.272,39.751],[-0.2642,39.7455],[-0.2571,39.7427],[-0.234,39.7401],[-0.1885,39.7219],[-0.199,39.6942],[-0.2008,39.6722],[-0.2011,39.675],[-0.203,39.6751],[-0.2017,39.6728],[-0.2086,39.6619],[-0.2093,39.654],[-0.206,39.6524],[-0.206,39.6488],[-0.2088,39.6467],[-0.2082,39.6438],[-0.2053,39.6429],[-0.2053,39.6305],[-0.2056,39.6425],[-0.2086,39.6434],[-0.211,39.6522],[-0.2094,39.6524],[-0.2153,39.6552],[-0.2194,39.6503],[-0.2136,39.6476],[-0.214,39.6469],[-0.2123,39.6428],[-0.2206,39.6455],[-0.2242,39.64],[-0.2145,39.6351],[-0.2111,39.6379],[-0.2156,39.6292],[-0.2314,39.6386],[-0.2391,39.6352],[-0.2586,39.6153],[-0.2683,39.6138],[-0.2956,39.6288],[-0.3432,39.6399],[-0.3532,39.6335],[-0.3794,39.6243]]],[[[-0.1976,39.6484],[-0.2001,39.6494],[-0.1949,39.6471],[-0.1976,39.6484]]],[[[-0.2007,39.6497],[-0.2058,39.6521],[-0.2058,39.6521],[-0.2007,39.6497]]],[[[-0.2138,39.6469],[-0.2137,39.6471],[-0.2136,39.6471],[-0.2138,39.6469]]]]}},{"type":"Feature","properties":{"n":"El Valle de Cofrentes-Ayora"},"geometry":{"type":"Polygon","coordinates":[[[-1.0286,39.3238],[-1.0732,39.3117],[-1.0922,39.3119],[-1.0889,39.2941],[-1.0923,39.2912],[-1.099,39.2929],[-1.1019,39.2891],[-1.1121,39.2852],[-1.1123,39.2823],[-1.1152,39.2838],[-1.1188,39.276],[-1.176,39.2655],[-1.1764,39.2302],[-1.1808,39.2118],[-1.192,39.1947],[-1.1945,39.1804],[-1.2105,39.1622],[-1.227,39.1517],[-1.2405,39.1137],[-1.2557,39.1062],[-1.2558,39.084],[-1.2657,39.0755],[-1.2638,39.0683],[-1.2668,39.051],[-1.2639,39.0451],[-1.2265,39.0247],[-1.2086,39.0051],[-1.2018,38.993],[-1.1933,38.9882],[-1.1609,38.9548],[-1.1545,38.9397],[-1.1472,38.9291],[-1.1386,38.9275],[-1.1271,38.9296],[-1.1051,38.9287],[-1.043,38.9366],[-1.0369,38.9342],[-1.0127,38.9394],[-1.0005,38.9496],[-0.9744,38.9422],[-0.9594,38.9443],[-0.9395,38.9481],[-0.9209,38.9583],[-0.9061,38.9701],[-0.8985,38.9788],[-0.899,38.9812],[-0.896,38.9818],[-0.8947,38.9926],[-0.8891,38.9971],[-0.891,38.9979],[-0.8888,38.9992],[-0.8886,39.0053],[-0.8826,39.0098],[-0.8829,39.0121],[-0.8784,39.0109],[-0.8882,39.0226],[-0.901,39.0496],[-0.8995,39.0548],[-0.9034,39.0618],[-0.9028,39.0713],[-0.8949,39.0777],[-0.9062,39.0898],[-0.9058,39.097],[-0.9156,39.1066],[-0.9166,39.1123],[-0.9132,39.1176],[-0.9167,39.1309],[-0.9138,39.1356],[-0.9133,39.1474],[-0.919,39.1512],[-0.9094,39.1583],[-0.8912,39.1641],[-0.8878,39.1685],[-0.8644,39.1671],[-0.8458,39.1709],[-0.8568,39.1805],[-0.8676,39.1973],[-0.8642,39.1994],[-0.8703,39.2041],[-0.8756,39.2159],[-0.8768,39.2247],[-0.845,39.2324],[-0.8275,39.2482],[-0.8267,39.2519],[-0.8197,39.2565],[-0.8177,39.2605],[-0.8075,39.2657],[-0.8148,39.2731],[-0.824,39.2711],[-0.8365,39.2743],[-0.8391,39.2768],[-0.8378,39.2805],[-0.8478,39.282],[-0.8501,39.2849],[-0.8539,39.2836],[-0.8512,39.2792],[-0.8532,39.2748],[-0.8615,39.2753],[-0.8665,39.2719],[-0.8778,39.2731],[-0.8819,39.2769],[-0.8881,39.2713],[-0.8901,39.2757],[-0.8892,39.2878],[-0.8929,39.2917],[-0.8997,39.3101],[-0.9278,39.3155],[-0.9735,39.3353],[-0.9922,39.34],[-0.9955,39.3404],[-1.0286,39.3238]]]}},{"type":"Feature","properties":{"n":"l'Alcoià"},"geometry":{"type":"Polygon","coordinates":[[[-0.6181,38.6867],[-0.6168,38.6897],[-0.6089,38.6944],[-0.5938,38.6999],[-0.5842,38.7086],[-0.5512,38.7171],[-0.5349,38.733],[-0.5245,38.7356],[-0.5122,38.7434],[-0.5077,38.7431],[-0.494,38.7383],[-0.4942,38.7339],[-0.4752,38.7241],[-0.4649,38.7157],[-0.4506,38.7138],[-0.4478,38.7058],[-0.4493,38.7029],[-0.444,38.7016],[-0.4364,38.6881],[-0.4294,38.6913],[-0.4167,38.6881],[-0.3862,38.6921],[-0.3841,38.6956],[-0.3805,38.6947],[-0.3743,38.701],[-0.3798,38.7068],[-0.3779,38.7099],[-0.3711,38.7118],[-0.3698,38.7091],[-0.3654,38.7087],[-0.3595,38.7041],[-0.3571,38.6911],[-0.3546,38.6913],[-0.3548,38.6854],[-0.3421,38.6841],[-0.3461,38.6803],[-0.3435,38.6728],[-0.347,38.6675],[-0.3494,38.6688],[-0.3512,38.6672],[-0.3518,38.663],[-0.3544,38.6613],[-0.3534,38.6492],[-0.3356,38.654],[-0.3288,38.6519],[-0.3255,38.6445],[-0.3166,38.6415],[-0.3244,38.6372],[-0.3295,38.6374],[-0.3338,38.6303],[-0.3316,38.6239],[-0.3441,38.6177],[-0.3496,38.6122],[-0.3516,38.6153],[-0.3641,38.6179],[-0.386,38.6162],[-0.4002,38.6284],[-0.4077,38.6307],[-0.4097,38.633],[-0.4074,38.6355],[-0.4123,38.6342],[-0.4173,38.6379],[-0.4203,38.6345],[-0.4279,38.6342],[-0.4287,38.6359],[-0.4365,38.6281],[-0.4457,38.6261],[-0.4602,38.6365],[-0.4597,38.64],[-0.4645,38.6425],[-0.4672,38.6413],[-0.467,38.6494],[-0.4697,38.6503],[-0.4832,38.6425],[-0.4847,38.6302],[-0.5096,38.6089],[-0.5392,38.5982],[-0.5753,38.5898],[-0.5673,38.5869],[-0.5571,38.5869],[-0.5585,38.5827],[-0.5567,38.5788],[-0.5601,38.5708],[-0.5544,38.5637],[-0.5526,38.5519],[-0.5503,38.5499],[-0.5518,38.5444],[-0.5482,38.5431],[-0.5449,38.5357],[-0.5412,38.5351],[-0.5451,38.5249],[-0.5569,38.5108],[-0.5536,38.5035],[-0.5621,38.4809],[-0.5901,38.4743],[-0.6148,38.4763],[-0.6265,38.4856],[-0.6314,38.5023],[-0.6355,38.498],[-0.6539,38.4952],[-0.6603,38.5078],[-0.698,38.5255],[-0.7169,38.5383],[-0.7442,38.5516],[-0.7492,38.5517],[-0.7745,38.5753],[-0.7326,38.596],[-0.7179,38.6251],[-0.7123,38.6308],[-0.6948,38.6401],[-0.6901,38.6489],[-0.6784,38.6581],[-0.6928,38.6859],[-0.7171,38.7135],[-0.7458,38.7586],[-0.7372,38.7567],[-0.7349,38.7594],[-0.732,38.7563],[-0.736,38.7536],[-0.7333,38.7517],[-0.7222,38.7537],[-0.7172,38.7506],[-0.7084,38.7392],[-0.7072,38.7338],[-0.6888,38.7413],[-0.6776,38.7291],[-0.6711,38.7316],[-0.644,38.7281],[-0.64,38.7072],[-0.6425,38.7041],[-0.6287,38.6866],[-0.6181,38.6867]]]}},{"type":"Feature","properties":{"n":"València"},"geometry":{"type":"MultiPolygon","coordinates":[[[[-0.4021,39.5154],[-0.3956,39.5237],[-0.3969,39.526],[-0.4074,39.5314],[-0.4116,39.5408],[-0.4172,39.547],[-0.4305,39.5547],[-0.4328,39.5611],[-0.4269,39.5623],[-0.4178,39.5522],[-0.407,39.5462],[-0.4054,39.5415],[-0.4011,39.5405],[-0.4033,39.5375],[-0.3949,39.5262],[-0.394,39.5298],[-0.3856,39.533],[-0.3849,39.5304],[-0.3709,39.5274],[-0.3737,39.5254],[-0.3712,39.5174],[-0.3666,39.5126],[-0.3723,39.5095],[-0.3676,39.5043],[-0.356,39.502],[-0.3548,39.4997],[-0.358,39.4945],[-0.3529,39.4902],[-0.3234,39.4841],[-0.3193,39.4631],[-0.3123,39.4626],[-0.3105,39.4611],[-0.3294,39.4616],[-0.3313,39.4602],[-0.3282,39.4603],[-0.3286,39.4589],[-0.329,39.4596],[-0.3312,39.46],[-0.3314,39.4598],[-0.3291,39.4574],[-0.3204,39.4608],[-0.3139,39.4603],[-0.3171,39.4602],[-0.315,39.4572],[-0.3116,39.4586],[-0.3126,39.46],[-0.3085,39.4599],[-0.3078,39.4628],[-0.2858,39.455],[-0.2915,39.4441],[-0.2863,39.455],[-0.3042,39.4603],[-0.3094,39.4575],[-0.31,39.4556],[-0.3024,39.453],[-0.31,39.4554],[-0.3114,39.4533],[-0.302,39.4493],[-0.302,39.4448],[-0.2989,39.4448],[-0.2952,39.4511],[-0.2987,39.4445],[-0.3021,39.4445],[-0.3022,39.4343],[-0.3029,39.4336],[-0.3027,39.4353],[-0.3059,39.4356],[-0.305,39.4445],[-0.3088,39.4451],[-0.3106,39.442],[-0.3127,39.4419],[-0.3082,39.4503],[-0.3122,39.4501],[-0.3145,39.4462],[-0.3236,39.4583],[-0.3265,39.4556],[-0.3229,39.4538],[-0.3263,39.4521],[-0.3206,39.4499],[-0.3256,39.4496],[-0.3251,39.4463],[-0.3163,39.4429],[-0.3173,39.441],[-0.3169,39.443],[-0.3192,39.4424],[-0.3197,39.4374],[-0.328,39.4401],[-0.3303,39.4352],[-0.3149,39.4302],[-0.3135,39.4354],[-0.3091,39.43],[-0.3127,39.4233],[-0.3175,39.4206],[-0.3228,39.4228],[-0.3176,39.4212],[-0.3157,39.423],[-0.3297,39.4274],[-0.3299,39.4304],[-0.33,39.4307],[-0.3325,39.4318],[-0.3333,39.4317],[-0.3305,39.43],[-0.3331,39.4293],[-0.3328,39.4283],[-0.3303,39.4283],[-0.3328,39.4269],[-0.3267,39.4259],[-0.3235,39.4238],[-0.3328,39.4267],[-0.3313,39.4257],[-0.333,39.4236],[-0.3299,39.4224],[-0.3319,39.4223],[-0.3337,39.4172],[-0.3318,39.4166],[-0.3328,39.4137],[-0.3307,39.4135],[-0.3325,39.4122],[-0.3304,39.4034],[-0.3126,39.3509],[-0.2922,39.3084],[-0.2752,39.2792],[-0.273,39.2791],[-0.2726,39.2786],[-0.2793,39.2794],[-0.293,39.284],[-0.3056,39.2993],[-0.3123,39.3035],[-0.3182,39.3033],[-0.3185,39.3118],[-0.3226,39.314],[-0.3289,39.3131],[-0.3341,39.3173],[-0.3358,39.3146],[-0.3372,39.3163],[-0.3476,39.3154],[-0.3502,39.311],[-0.3559,39.3123],[-0.3618,39.3058],[-0.3755,39.3073],[-0.3801,39.3111],[-0.3768,39.3123],[-0.3815,39.3167],[-0.3908,39.3151],[-0.3918,39.323],[-0.3945,39.3233],[-0.3984,39.3293],[-0.3968,39.3355],[-0.3929,39.3348],[-0.3945,39.3366],[-0.388,39.3406],[-0.3853,39.3532],[-0.372,39.3591],[-0.3702,39.3623],[-0.3636,39.3596],[-0.361,39.3637],[-0.3542,39.3653],[-0.3474,39.3705],[-0.344,39.3665],[-0.3413,39.3674],[-0.3433,39.3715],[-0.3377,39.3735],[-0.33,39.3653],[-0.3342,39.3796],[-0.351,39.4016],[-0.3502,39.4222],[-0.3571,39.4195],[-0.3644,39.4198],[-0.3715,39.4257],[-0.3893,39.4336],[-0.3911,39.4267],[-0.4016,39.4277],[-0.4029,39.4369],[-0.4206,39.4352],[-0.432,39.4513],[-0.4158,39.4539],[-0.4115,39.4664],[-0.4182,39.4689],[-0.407,39.4727],[-0.4133,39.4789],[-0.4103,39.4814],[-0.4259,39.4876],[-0.4245,39.4912],[-0.4316,39.5061],[-0.4242,39.5074],[-0.4113,39.5013],[-0.4112,39.4975],[-0.3975,39.4998],[-0.397,39.5046],[-0.3992,39.5051],[-0.397,39.5084],[-0.4012,39.5092],[-0.3998,39.5122],[-0.4021,39.5154]]],[[[-0.3199,39.5617],[-0.2922,39.5488],[-0.2937,39.5515],[-0.2884,39.5541],[-0.2919,39.558],[-0.3107,39.5652],[-0.316,39.5661],[-0.3199,39.5617]]],[[[-0.3616,39.5321],[-0.3614,39.5279],[-0.3655,39.5289],[-0.3669,39.5271],[-0.3603,39.5163],[-0.3513,39.5228],[-0.356,39.5244],[-0.3534,39.5292],[-0.3616,39.5321]]],[[[-0.3307,39.5363],[-0.3335,39.5441],[-0.3296,39.5447],[-0.3342,39.5492],[-0.332,39.5519],[-0.3376,39.5515],[-0.3395,39.5488],[-0.3423,39.55],[-0.3437,39.5475],[-0.3377,39.5457],[-0.3368,39.5421],[-0.3407,39.5419],[-0.3405,39.5376],[-0.3307,39.5363]]],[[[-0.33,39.4306],[-0.3299,39.4293],[-0.33,39.4306],[-0.33,39.4306]]]]}},{"type":"Feature","properties":{"n":"El Alto Mijares"},"geometry":{"type":"Polygon","coordinates":[[[-0.3497,40.2227],[-0.3568,40.2302],[-0.3719,40.2383],[-0.3718,40.2442],[-0.3757,40.2466],[-0.3812,40.257],[-0.3882,40.2614],[-0.4518,40.2353],[-0.4638,40.2339],[-0.47,40.2401],[-0.4773,40.2353],[-0.4887,40.2333],[-0.4945,40.2287],[-0.5016,40.2332],[-0.5106,40.2318],[-0.5259,40.2373],[-0.5442,40.2517],[-0.5587,40.2098],[-0.5575,40.2008],[-0.5628,40.1889],[-0.5723,40.1812],[-0.5705,40.1803],[-0.5713,40.1759],[-0.574,40.1726],[-0.5693,40.1592],[-0.5755,40.1517],[-0.5747,40.1487],[-0.5796,40.1473],[-0.5786,40.1373],[-0.5866,40.1314],[-0.5912,40.1337],[-0.5968,40.1323],[-0.6009,40.1275],[-0.6074,40.128],[-0.6285,40.1026],[-0.6135,40.0696],[-0.6234,40.069],[-0.6231,40.0743],[-0.6273,40.0757],[-0.6313,40.0734],[-0.6317,40.0701],[-0.6354,40.0722],[-0.6364,40.0672],[-0.6383,40.0691],[-0.6463,40.0671],[-0.6642,40.0512],[-0.6187,40.0454],[-0.6132,40.0374],[-0.6097,40.0378],[-0.599,40.0262],[-0.5853,40.0244],[-0.5813,40.0208],[-0.5814,40.0137],[-0.5477,40.0113],[-0.5367,40.0127],[-0.5026,40.0043],[-0.4918,40.0069],[-0.4886,40.0054],[-0.4858,39.9989],[-0.4802,39.9955],[-0.4804,39.9925],[-0.4699,39.9887],[-0.4665,39.9805],[-0.4488,39.9678],[-0.4475,39.9618],[-0.4403,39.9557],[-0.4008,39.9343],[-0.3956,39.9357],[-0.3917,39.9429],[-0.3863,39.9421],[-0.3797,39.9528],[-0.3751,39.9534],[-0.3685,39.9639],[-0.367,39.9719],[-0.3615,39.9743],[-0.3567,39.9814],[-0.3481,39.9753],[-0.3413,39.9799],[-0.3324,39.9787],[-0.3264,39.9716],[-0.3191,39.9706],[-0.2997,39.9832],[-0.2917,39.994],[-0.2813,40.0019],[-0.287,40.0193],[-0.2911,40.0227],[-0.2984,40.0375],[-0.2988,40.0398],[-0.2927,40.0473],[-0.294,40.055],[-0.3065,40.0591],[-0.3099,40.0628],[-0.3103,40.0673],[-0.3197,40.0669],[-0.3217,40.069],[-0.3198,40.0736],[-0.3242,40.0835],[-0.3178,40.0993],[-0.3294,40.1272],[-0.3395,40.1366],[-0.3614,40.1464],[-0.3612,40.176],[-0.3494,40.1792],[-0.3461,40.1829],[-0.3372,40.1859],[-0.3312,40.1848],[-0.3212,40.1909],[-0.3211,40.2091],[-0.3382,40.2205],[-0.3497,40.2227]]]}},{"type":"Feature","properties":{"n":"La Canal de Navarrés"},"geometry":{"type":"Polygon","coordinates":[[[-0.698,39.1373],[-0.6736,39.1184],[-0.6604,39.1025],[-0.6571,39.0954],[-0.6606,39.0866],[-0.6252,39.0565],[-0.6237,39.0437],[-0.6186,39.0383],[-0.6214,39.0301],[-0.6319,39.029],[-0.6331,39.0269],[-0.6291,39.017],[-0.6299,39.006],[-0.6258,39.0019],[-0.6314,38.9987],[-0.6361,38.9883],[-0.6448,38.985],[-0.6437,38.9807],[-0.653,38.9819],[-0.6675,38.9739],[-0.6729,38.9678],[-0.6834,38.9636],[-0.6964,38.9487],[-0.7276,38.9251],[-0.7608,38.92],[-0.7636,38.9169],[-0.7671,38.917],[-0.7699,38.9201],[-0.7722,38.9175],[-0.7851,38.9192],[-0.8132,38.9124],[-0.836,38.9172],[-0.8525,38.9107],[-0.8993,38.9016],[-0.9243,38.8916],[-0.9416,38.9001],[-0.9516,38.9114],[-0.9536,38.9192],[-0.957,38.9207],[-0.9594,38.9443],[-0.9395,38.9481],[-0.9141,38.9629],[-0.9009,38.9758],[-0.899,38.9812],[-0.8961,38.9817],[-0.8947,38.9926],[-0.8891,38.9971],[-0.891,38.9979],[-0.8888,38.9992],[-0.8886,39.0053],[-0.8826,39.0098],[-0.8829,39.0121],[-0.8784,39.0109],[-0.8882,39.0226],[-0.901,39.0496],[-0.8995,39.0548],[-0.9034,39.0618],[-0.9028,39.0713],[-0.8949,39.0777],[-0.9062,39.0898],[-0.9058,39.097],[-0.9156,39.1066],[-0.9166,39.1123],[-0.9132,39.1176],[-0.9167,39.1309],[-0.9138,39.1356],[-0.9133,39.1474],[-0.919,39.1512],[-0.9094,39.1583],[-0.8912,39.1641],[-0.8878,39.1685],[-0.8644,39.1671],[-0.8458,39.1709],[-0.8568,39.1805],[-0.8676,39.1973],[-0.8642,39.1994],[-0.8703,39.2041],[-0.8756,39.2159],[-0.8768,39.2247],[-0.845,39.2324],[-0.8275,39.2482],[-0.8267,39.2519],[-0.8197,39.2565],[-0.8177,39.2605],[-0.8087,39.2655],[-0.8024,39.2647],[-0.7995,39.2608],[-0.7955,39.2601],[-0.7919,39.267],[-0.7811,39.2653],[-0.7742,39.2499],[-0.7679,39.2501],[-0.7576,39.2416],[-0.7528,39.2427],[-0.7376,39.2335],[-0.7328,39.2356],[-0.7253,39.2261],[-0.7181,39.2266],[-0.7159,39.219],[-0.7085,39.2183],[-0.7079,39.2148],[-0.7016,39.2103],[-0.6987,39.2027],[-0.7125,39.202],[-0.7167,39.1946],[-0.7289,39.1851],[-0.7327,39.177],[-0.7318,39.1726],[-0.726,39.1698],[-0.7294,39.1668],[-0.7261,39.1584],[-0.71,39.1523],[-0.698,39.1373]]]}},{"type":"Feature","properties":{"n":"els Ports"},"geometry":{"type":"Polygon","coordinates":[[[-0.2336,40.7086],[-0.2375,40.6979],[-0.236,40.6911],[-0.2504,40.6908],[-0.2631,40.6842],[-0.279,40.6801],[-0.2889,40.6723],[-0.2936,40.674],[-0.2991,40.6676],[-0.3065,40.6638],[-0.307,40.6595],[-0.3169,40.6636],[-0.3204,40.6684],[-0.3221,40.6777],[-0.3288,40.6803],[-0.3562,40.6777],[-0.3705,40.6723],[-0.3696,40.6701],[-0.373,40.6702],[-0.3713,40.6679],[-0.378,40.6675],[-0.3815,40.6616],[-0.3794,40.657],[-0.3708,40.6508],[-0.3727,40.6475],[-0.3716,40.6419],[-0.3764,40.6364],[-0.3797,40.6241],[-0.3776,40.6189],[-0.3705,40.6136],[-0.3603,40.6155],[-0.344,40.6112],[-0.3433,40.6065],[-0.3348,40.6075],[-0.3224,40.6028],[-0.3116,40.6115],[-0.2934,40.6114],[-0.2943,40.584],[-0.2999,40.5773],[-0.2991,40.5732],[-0.295,40.5704],[-0.2962,40.5608],[-0.2921,40.5566],[-0.2936,40.5538],[-0.2903,40.553],[-0.2926,40.5473],[-0.2903,40.5441],[-0.3013,40.5225],[-0.3022,40.5149],[-0.2998,40.5133],[-0.2984,40.5056],[-0.2879,40.5096],[-0.2812,40.505],[-0.2751,40.4945],[-0.2801,40.4885],[-0.2801,40.4836],[-0.2721,40.4793],[-0.2725,40.4735],[-0.2778,40.4755],[-0.279,40.4724],[-0.2823,40.4733],[-0.2855,40.4698],[-0.2873,40.4722],[-0.2953,40.4698],[-0.2938,40.4654],[-0.309,40.4655],[-0.3237,40.4592],[-0.3339,40.4577],[-0.3389,40.4529],[-0.3426,40.4426],[-0.347,40.4433],[-0.3328,40.4255],[-0.3147,40.4158],[-0.3072,40.4092],[-0.3013,40.3974],[-0.2857,40.3865],[-0.283,40.378],[-0.2794,40.375],[-0.2813,40.3705],[-0.277,40.3667],[-0.2722,40.3723],[-0.2716,40.3695],[-0.2593,40.3684],[-0.259,40.3725],[-0.2644,40.378],[-0.2602,40.3837],[-0.241,40.3893],[-0.2296,40.3971],[-0.2315,40.407],[-0.224,40.4065],[-0.2139,40.4137],[-0.2121,40.421],[-0.2085,40.424],[-0.1988,40.4217],[-0.1924,40.4273],[-0.1832,40.4307],[-0.1635,40.4319],[-0.1837,40.4456],[-0.1912,40.446],[-0.2127,40.4634],[-0.1744,40.4675],[-0.1646,40.4813],[-0.1345,40.5085],[-0.1279,40.5092],[-0.1241,40.5046],[-0.1104,40.5115],[-0.0861,40.5087],[-0.0792,40.4919],[-0.0738,40.489],[-0.0752,40.4812],[-0.0652,40.4745],[-0.062,40.4657],[-0.0556,40.4589],[-0.058,40.452],[-0.0553,40.4437],[-0.0569,40.4406],[-0.0456,40.4215],[-0.0437,40.4138],[-0.0394,40.4144],[-0.0405,40.4307],[-0.0368,40.4317],[-0.0409,40.4538],[-0.0293,40.4689],[-0.0281,40.4776],[-0.0228,40.4839],[-0.0193,40.4848],[-0.0104,40.4992],[-0.0081,40.5112],[-0.0048,40.5102],[-0.0034,40.5142],[0.0041,40.5162],[0.0092,40.5281],[0.0044,40.5316],[0.0156,40.5335],[0.03,40.5312],[0.0358,40.5336],[0.064,40.5302],[0.0719,40.5346],[0.0842,40.5498],[0.085,40.5562],[0.0776,40.5662],[0.0801,40.5731],[0.0993,40.5829],[0.1163,40.5866],[0.1453,40.5746],[0.1535,40.576],[0.1746,40.584],[0.1773,40.5899],[0.1858,40.5955],[0.1849,40.5987],[0.1766,40.6042],[0.1744,40.6104],[0.1627,40.6149],[0.1575,40.6137],[0.1547,40.6271],[0.1471,40.6297],[0.1394,40.6368],[0.1191,40.6345],[0.0897,40.6503],[0.064,40.6472],[0.0608,40.6443],[0.0495,40.6457],[0.0438,40.6495],[0.0381,40.6501],[0.0141,40.6486],[0.0213,40.652],[0.0204,40.6555],[0.0079,40.6646],[0.0048,40.6691],[0.0052,40.6753],[-0.0044,40.6769],[0.0007,40.6811],[-0.0083,40.6877],[-0.0103,40.6922],[-0.006,40.6956],[0.0266,40.6948],[0.0245,40.707],[0.0286,40.7142],[0.0185,40.7198],[0.016,40.7231],[0.0181,40.7259],[0.0166,40.7277],[-0.0179,40.731],[-0.0226,40.7302],[-0.0314,40.7224],[-0.0495,40.7275],[-0.0647,40.7274],[-0.096,40.7418],[-0.1075,40.7434],[-0.1129,40.7483],[-0.1268,40.7533],[-0.1331,40.758],[-0.138,40.7659],[-0.1438,40.7687],[-0.1472,40.7751],[-0.1453,40.7859],[-0.165,40.7886],[-0.1668,40.7857],[-0.1972,40.7845],[-0.1941,40.7822],[-0.2017,40.7795],[-0.2022,40.775],[-0.2105,40.7674],[-0.2128,40.7583],[-0.2246,40.7533],[-0.2305,40.7385],[-0.2292,40.7357],[-0.2313,40.7291],[-0.2391,40.7193],[-0.2364,40.7097],[-0.2336,40.7086]]]}},{"type":"Feature","properties":{"n":"l’Alt Vinalopó/El Alto Vinalopó"},"geometry":{"type":"Polygon","coordinates":[[[-0.8558,38.513],[-0.8382,38.5087],[-0.8291,38.5111],[-0.8063,38.5104],[-0.7983,38.5124],[-0.7936,38.516],[-0.7936,38.5201],[-0.7817,38.5239],[-0.7609,38.5404],[-0.7492,38.5517],[-0.7745,38.5753],[-0.7326,38.596],[-0.7179,38.6251],[-0.7123,38.6308],[-0.6948,38.6401],[-0.6901,38.6489],[-0.6784,38.6581],[-0.6928,38.6859],[-0.7171,38.7135],[-0.7434,38.7556],[-0.7521,38.7554],[-0.7615,38.7491],[-0.7657,38.751],[-0.7796,38.7467],[-0.7837,38.7484],[-0.7876,38.7465],[-0.7927,38.7392],[-0.8066,38.7353],[-0.8104,38.7382],[-0.8174,38.7379],[-0.8346,38.7324],[-0.8376,38.7365],[-0.8358,38.7412],[-0.862,38.7712],[-0.8825,38.7719],[-0.8877,38.7692],[-0.9051,38.7672],[-0.9137,38.7697],[-0.9177,38.776],[-0.9153,38.7814],[-0.9291,38.7837],[-0.9444,38.7777],[-0.9617,38.7745],[-0.9459,38.7367],[-0.9395,38.7317],[-0.938,38.7259],[-0.9277,38.7131],[-0.9275,38.7068],[-0.9158,38.696],[-0.9325,38.6775],[-0.9625,38.6569],[-0.9915,38.6551],[-1.0091,38.6583],[-1.0261,38.6556],[-1.0239,38.6401],[-1.0158,38.6352],[-1.012,38.6062],[-1.0015,38.5727],[-1.0092,38.5587],[-1.0159,38.5371],[-1.0261,38.5228],[-1.0137,38.4967],[-0.9852,38.5055],[-0.9524,38.4839],[-0.9482,38.4789],[-0.9323,38.4819],[-0.915,38.4748],[-0.8971,38.4716],[-0.8743,38.4753],[-0.8494,38.5096],[-0.8558,38.513]]]}},{"type":"Feature","properties":{"n":"El Rincón de Ademuz"},"geometry":{"type":"Polygon","coordinates":[[[-1.1736,40.0107],[-1.1534,40.0126],[-1.1463,40.0167],[-1.1341,40.0158],[-1.1073,40.0263],[-1.0979,40.0327],[-1.0842,40.0362],[-1.0766,40.0478],[-1.0718,40.0511],[-1.0721,40.0605],[-1.0795,40.067],[-1.0781,40.0688],[-1.1106,40.0925],[-1.1335,40.0975],[-1.1355,40.1043],[-1.1441,40.1086],[-1.1498,40.1148],[-1.1661,40.1149],[-1.1957,40.11],[-1.2087,40.1102],[-1.2231,40.1157],[-1.2368,40.113],[-1.2442,40.1155],[-1.2506,40.123],[-1.246,40.1271],[-1.2494,40.1351],[-1.246,40.1386],[-1.2474,40.1404],[-1.2443,40.146],[-1.2457,40.1471],[-1.2524,40.1433],[-1.2765,40.1622],[-1.2767,40.1673],[-1.2843,40.1715],[-1.287,40.1819],[-1.2967,40.1992],[-1.2931,40.2069],[-1.2978,40.2115],[-1.2971,40.2095],[-1.3014,40.206],[-1.315,40.2014],[-1.323,40.1849],[-1.3226,40.1716],[-1.3173,40.1641],[-1.3195,40.1562],[-1.3166,40.1497],[-1.3197,40.1464],[-1.3361,40.1422],[-1.3546,40.1295],[-1.3623,40.1301],[-1.3645,40.1334],[-1.3637,40.1386],[-1.3777,40.1402],[-1.3936,40.1344],[-1.4117,40.1408],[-1.4224,40.1423],[-1.4319,40.1393],[-1.4489,40.1453],[-1.4572,40.1351],[-1.4562,40.131],[-1.4428,40.118],[-1.4293,40.1136],[-1.4076,40.1014],[-1.4203,40.0935],[-1.4142,40.0882],[-1.4131,40.0812],[-1.4003,40.0664],[-1.3937,40.0531],[-1.3831,40.039],[-1.3769,40.0165],[-1.3643,40.0122],[-1.3358,40.0167],[-1.3283,40.0134],[-1.2864,40.0082],[-1.2642,39.9985],[-1.2495,39.9951],[-1.2166,40.0016],[-1.1995,40.0034],[-1.1918,40.0015],[-1.1736,40.0107]]]}},{"type":"Feature","properties":{"n":"la Ribera Alta"},"geometry":{"type":"Polygon","coordinates":[[[-0.4319,39.0714],[-0.4349,39.0517],[-0.4258,39.052],[-0.4145,39.0481],[-0.4074,39.0399],[-0.4073,39.043],[-0.3831,39.0384],[-0.388,39.0367],[-0.3903,39.0328],[-0.4077,39.0339],[-0.4161,39.0371],[-0.4176,39.034],[-0.4322,39.0322],[-0.4415,39.0265],[-0.4508,39.0288],[-0.4603,39.0265],[-0.4697,39.0286],[-0.4821,39.0404],[-0.4864,39.0374],[-0.4945,39.0403],[-0.4962,39.0374],[-0.4997,39.045],[-0.5059,39.0456],[-0.5111,39.0494],[-0.5093,39.0455],[-0.5205,39.0398],[-0.5382,39.0404],[-0.5419,39.0464],[-0.5449,39.0445],[-0.5505,39.0472],[-0.5675,39.0415],[-0.5661,39.0276],[-0.5702,39.0185],[-0.5903,39.0119],[-0.5905,39.0142],[-0.5938,39.015],[-0.6,39.0136],[-0.5959,39.0178],[-0.6041,39.0252],[-0.6214,39.0301],[-0.6186,39.0383],[-0.6237,39.0437],[-0.6252,39.0565],[-0.6606,39.0866],[-0.6571,39.0954],[-0.6604,39.1025],[-0.6736,39.1184],[-0.698,39.1373],[-0.71,39.1523],[-0.7261,39.1584],[-0.7294,39.1668],[-0.726,39.1698],[-0.7319,39.173],[-0.7323,39.1805],[-0.7167,39.1946],[-0.7125,39.202],[-0.6987,39.2027],[-0.7016,39.2103],[-0.7079,39.2148],[-0.7081,39.2179],[-0.7159,39.219],[-0.7162,39.2232],[-0.7082,39.2365],[-0.7061,39.2576],[-0.6902,39.2626],[-0.6814,39.2732],[-0.6755,39.2855],[-0.6813,39.2915],[-0.6948,39.3152],[-0.7128,39.323],[-0.7452,39.3252],[-0.7415,39.34],[-0.7391,39.3754],[-0.7366,39.3788],[-0.7385,39.3968],[-0.7341,39.407],[-0.7279,39.4137],[-0.6541,39.4074],[-0.6257,39.4106],[-0.5995,39.4102],[-0.5935,39.4043],[-0.5909,39.3921],[-0.5741,39.3871],[-0.5497,39.389],[-0.5365,39.387],[-0.5385,39.3613],[-0.5518,39.3324],[-0.5388,39.324],[-0.5191,39.3196],[-0.4965,39.3044],[-0.4871,39.3023],[-0.443,39.3008],[-0.4296,39.3019],[-0.4248,39.3065],[-0.4189,39.2955],[-0.4196,39.2884],[-0.414,39.2823],[-0.4134,39.2431],[-0.3758,39.2425],[-0.3889,39.2251],[-0.3932,39.2148],[-0.3956,39.2155],[-0.404,39.2034],[-0.4033,39.199],[-0.4069,39.2009],[-0.4095,39.1995],[-0.4083,39.1925],[-0.4113,39.1861],[-0.3966,39.1812],[-0.3932,39.1781],[-0.3812,39.1663],[-0.3789,39.1595],[-0.381,39.156],[-0.3717,39.1447],[-0.3477,39.1274],[-0.3449,39.1219],[-0.3099,39.1044],[-0.3106,39.1026],[-0.3034,39.0981],[-0.3077,39.0945],[-0.3176,39.0928],[-0.3278,39.0751],[-0.327,39.0691],[-0.3345,39.0697],[-0.3446,39.0753],[-0.3528,39.0752],[-0.3619,39.0783],[-0.3815,39.0645],[-0.3815,39.0573],[-0.3914,39.0567],[-0.4142,39.0681],[-0.4319,39.0714]],[[-0.544,39.0471],[-0.547,39.0471],[-0.5481,39.0496],[-0.553,39.0488],[-0.5547,39.0565],[-0.5447,39.055],[-0.544,39.0471]]]}},{"type":"Feature","properties":{"n":"l'Alt Maestrat"},"geometry":{"type":"Polygon","coordinates":[[[0.0868,40.4022],[0.0815,40.3752],[0.0494,40.3408],[0.0606,40.3341],[0.0611,40.3229],[0.0563,40.3075],[0.0582,40.2986],[0.0459,40.2878],[0.0274,40.2793],[0.0241,40.2835],[0.0174,40.2859],[0.0162,40.2884],[0.0182,40.2924],[0.0128,40.2998],[0.0136,40.3037],[0.0197,40.3057],[0.0235,40.3119],[0.016,40.3155],[0.0069,40.3141],[-0.0075,40.3184],[-0.0313,40.3178],[-0.0336,40.3219],[-0.0394,40.3148],[-0.0448,40.3145],[-0.0486,40.3021],[-0.0555,40.2998],[-0.0572,40.2849],[-0.0684,40.2787],[-0.0651,40.2751],[-0.069,40.2745],[-0.0705,40.2646],[-0.0818,40.2609],[-0.0817,40.2566],[-0.0755,40.2534],[-0.0777,40.2385],[-0.0815,40.2263],[-0.0849,40.2254],[-0.0855,40.22],[-0.0981,40.223],[-0.0934,40.2312],[-0.0941,40.2362],[-0.0995,40.2404],[-0.1035,40.2391],[-0.1045,40.2327],[-0.1103,40.2341],[-0.1111,40.2309],[-0.1169,40.2282],[-0.1243,40.227],[-0.1343,40.2294],[-0.136,40.222],[-0.1415,40.2186],[-0.139,40.2156],[-0.1406,40.2104],[-0.1543,40.2103],[-0.1579,40.2019],[-0.1968,40.1765],[-0.2189,40.2013],[-0.2396,40.2336],[-0.2634,40.2486],[-0.284,40.2652],[-0.2978,40.2683],[-0.3118,40.2655],[-0.313,40.2578],[-0.3174,40.255],[-0.3188,40.2487],[-0.3256,40.2484],[-0.3318,40.235],[-0.3455,40.2344],[-0.3485,40.2313],[-0.3497,40.2227],[-0.3568,40.2302],[-0.3719,40.2383],[-0.3718,40.2442],[-0.3757,40.2466],[-0.3812,40.257],[-0.3882,40.2614],[-0.3837,40.2642],[-0.3846,40.2737],[-0.3823,40.2768],[-0.3896,40.2871],[-0.4002,40.2942],[-0.3936,40.2978],[-0.3947,40.3005],[-0.3924,40.2986],[-0.3896,40.3],[-0.3912,40.3027],[-0.3885,40.3071],[-0.3845,40.3055],[-0.3791,40.3101],[-0.3766,40.305],[-0.3727,40.3087],[-0.3737,40.3051],[-0.37,40.3044],[-0.3699,40.3066],[-0.366,40.3052],[-0.3699,40.3103],[-0.3631,40.3167],[-0.3593,40.3132],[-0.3526,40.3135],[-0.3536,40.3182],[-0.3485,40.3207],[-0.3499,40.3277],[-0.3477,40.3281],[-0.3461,40.3249],[-0.3412,40.3286],[-0.3426,40.3343],[-0.3402,40.3359],[-0.341,40.3389],[-0.3325,40.3409],[-0.3319,40.3444],[-0.324,40.3472],[-0.313,40.3584],[-0.3084,40.3568],[-0.3053,40.3623],[-0.2977,40.3611],[-0.289,40.3678],[-0.2883,40.3643],[-0.2823,40.3645],[-0.2828,40.3692],[-0.2764,40.3666],[-0.276,40.3696],[-0.2722,40.3723],[-0.2716,40.3695],[-0.2596,40.3682],[-0.259,40.3725],[-0.2644,40.378],[-0.2602,40.3837],[-0.241,40.3893],[-0.2296,40.3971],[-0.2315,40.407],[-0.224,40.4065],[-0.2139,40.4137],[-0.2121,40.421],[-0.2085,40.424],[-0.1988,40.4217],[-0.1924,40.4273],[-0.1832,40.4307],[-0.1635,40.4319],[-0.1837,40.4456],[-0.1912,40.446],[-0.2127,40.4634],[-0.1744,40.4675],[-0.1646,40.4813],[-0.1345,40.5085],[-0.1279,40.5092],[-0.1241,40.5046],[-0.1104,40.5115],[-0.0861,40.5087],[-0.0792,40.4919],[-0.0738,40.489],[-0.0752,40.4812],[-0.0652,40.4745],[-0.062,40.4657],[-0.0556,40.4589],[-0.058,40.452],[-0.0553,40.4437],[-0.0569,40.4406],[-0.0429,40.4137],[-0.0391,40.4145],[-0.0405,40.4307],[-0.0368,40.4317],[-0.0409,40.4538],[-0.0293,40.4689],[-0.0281,40.4776],[-0.0228,40.4839],[-0.0193,40.4848],[-0.0104,40.4992],[-0.0081,40.5112],[-0.0048,40.5102],[-0.0034,40.5142],[0.0041,40.5162],[0.0092,40.5281],[0.0044,40.5316],[0.0156,40.5335],[0.03,40.5312],[0.0358,40.5336],[0.064,40.5302],[0.0719,40.5346],[0.0812,40.5478],[0.0864,40.5494],[0.0972,40.5456],[0.0987,40.5373],[0.0957,40.5361],[0.0906,40.5186],[0.0858,40.5149],[0.0797,40.5028],[0.0938,40.4785],[0.0914,40.4724],[0.0922,40.4597],[0.0962,40.4588],[0.0998,40.4522],[0.1123,40.4502],[0.1155,40.4475],[0.113,40.4444],[0.1146,40.4432],[0.1084,40.4392],[0.108,40.429],[0.1024,40.4285],[0.1032,40.4236],[0.0973,40.4219],[0.1005,40.4183],[0.0868,40.4022]]]}},{"type":"Feature","properties":{"n":"la Marina Baixa"},"geometry":{"type":"MultiPolygon","coordinates":[[[[-0.0192,38.6167],[-0.02,38.6171],[-0.0192,38.6173],[-0.0192,38.6167]]],[[[-0.0141,38.6239],[-0.0139,38.6241],[-0.0139,38.6241],[-0.0141,38.6239]]],[[[0.0093,38.6302],[0.0094,38.6302],[0.0095,38.6301],[0.0093,38.6302]]],[[[0.0087,38.6302],[0.0088,38.6302],[0.0088,38.6302],[0.0087,38.6302]]],[[[0.0095,38.6316],[0.0094,38.6316],[0.0094,38.6316],[0.0095,38.6316]]],[[[0.009,38.6303],[0.0089,38.6303],[0.0089,38.6303],[0.009,38.6303]]],[[[-0.0108,38.6276],[-0.0107,38.6277],[-0.0107,38.6277],[-0.0108,38.6276]]],[[[-0.0111,38.6276],[-0.011,38.6276],[-0.0111,38.6276],[-0.0111,38.6276]]],[[[0.0092,38.6305],[0.0092,38.6305],[0.0092,38.6305],[0.0092,38.6305]]],[[[0.0091,38.6303],[0.0092,38.6303],[0.0091,38.6303],[0.0091,38.6303]]],[[[-0.0107,38.6277],[-0.0107,38.6277],[-0.0107,38.6277],[-0.0107,38.6277]]],[[[0.0096,38.6319],[0.0096,38.6319],[0.0096,38.6319],[0.0096,38.6319]]],[[[-0.062,38.5509],[-0.0626,38.551],[-0.0619,38.5511],[-0.062,38.5509]]],[[[-0.0553,38.5681],[-0.0553,38.5683],[-0.0552,38.5682],[-0.0553,38.5681]]],[[[-0.0566,38.5549],[-0.0565,38.555],[-0.0565,38.555],[-0.0566,38.5549]]],[[[-0.0568,38.5548],[-0.0568,38.5548],[-0.0568,38.5548],[-0.0568,38.5548]]],[[[-0.1291,38.5014],[-0.1311,38.504],[-0.1313,38.5032],[-0.133,38.5022],[-0.1291,38.5014]]],[[[-0.073,38.5371],[-0.0726,38.5363],[-0.0716,38.5371],[-0.073,38.5371]]],[[[-0.0841,38.5339],[-0.0839,38.534],[-0.0839,38.534],[-0.0841,38.5339]]],[[[-0.095,38.5265],[-0.0951,38.5265],[-0.095,38.5265],[-0.095,38.5265]]],[[[-0.1289,38.5028],[-0.129,38.5028],[-0.129,38.5028],[-0.1289,38.5028]]],[[[-0.1328,38.5024],[-0.1328,38.5024],[-0.1328,38.5024],[-0.1328,38.5024]]],[[[-0.1296,38.5035],[-0.1296,38.5035],[-0.1295,38.5035],[-0.1296,38.5035]]],[[[-0.0754,38.538],[-0.0643,38.5507],[-0.0588,38.5519],[-0.0566,38.5577],[-0.0486,38.5637],[-0.0643,38.5722],[-0.0615,38.5828],[-0.0585,38.5874],[-0.0547,38.588],[-0.0573,38.5885],[-0.0542,38.5903],[-0.0557,38.5909],[-0.0543,38.5917],[-0.0534,38.59],[-0.054,38.5857],[-0.0524,38.589],[-0.0539,38.592],[-0.0495,38.5971],[-0.0471,38.5992],[-0.0465,38.598],[-0.0455,38.599],[-0.0445,38.6023],[-0.0425,38.6017],[-0.0324,38.6126],[-0.0318,38.616],[-0.0157,38.6267],[-0.006,38.6304],[0.0002,38.6285],[0.0035,38.6308],[0.0059,38.6283],[0.0058,38.6302],[0.0102,38.6324],[0.0064,38.6342],[0.0068,38.6373],[-0.0444,38.661],[-0.0465,38.6586],[-0.0588,38.6617],[-0.064,38.6717],[-0.0651,38.6802],[-0.056,38.7065],[-0.0495,38.7156],[-0.0575,38.7252],[-0.0651,38.7231],[-0.0871,38.723],[-0.0952,38.7265],[-0.0979,38.7302],[-0.1208,38.7238],[-0.1272,38.7282],[-0.1381,38.727],[-0.1432,38.7375],[-0.1444,38.729],[-0.1493,38.7233],[-0.149,38.7006],[-0.1534,38.7007],[-0.1535,38.6986],[-0.1782,38.7021],[-0.1825,38.7002],[-0.2125,38.7105],[-0.2566,38.7185],[-0.281,38.7124],[-0.3072,38.6997],[-0.3091,38.6828],[-0.3022,38.6785],[-0.3127,38.6767],[-0.3082,38.6731],[-0.3108,38.6638],[-0.3056,38.6501],[-0.3094,38.6427],[-0.3244,38.6372],[-0.3295,38.6374],[-0.3337,38.6312],[-0.3315,38.6244],[-0.3331,38.6222],[-0.3441,38.6177],[-0.3582,38.6056],[-0.3637,38.6048],[-0.3654,38.6008],[-0.378,38.597],[-0.376,38.591],[-0.3912,38.587],[-0.4088,38.5737],[-0.403,38.5649],[-0.3939,38.5592],[-0.4001,38.5401],[-0.3946,38.5328],[-0.3888,38.5367],[-0.3807,38.5352],[-0.381,38.5367],[-0.3724,38.5358],[-0.3667,38.538],[-0.362,38.5369],[-0.3556,38.5291],[-0.3452,38.5281],[-0.332,38.5171],[-0.3319,38.5132],[-0.3267,38.5089],[-0.3243,38.5097],[-0.3221,38.5004],[-0.3174,38.4975],[-0.3135,38.4988],[-0.3078,38.4966],[-0.3073,38.4924],[-0.3032,38.4916],[-0.3046,38.4852],[-0.3016,38.4823],[-0.2679,38.4948],[-0.2305,38.5014],[-0.231,38.5035],[-0.2257,38.5074],[-0.2154,38.5087],[-0.2201,38.5054],[-0.197,38.5153],[-0.1728,38.516],[-0.1675,38.524],[-0.1609,38.5246],[-0.16,38.5297],[-0.1494,38.5357],[-0.1356,38.5366],[-0.1315,38.5331],[-0.1251,38.5354],[-0.1108,38.5339],[-0.1077,38.5325],[-0.109,38.5287],[-0.0975,38.5235],[-0.0965,38.5242],[-0.0959,38.5256],[-0.0951,38.5267],[-0.0944,38.5269],[-0.0943,38.5273],[-0.0889,38.5298],[-0.0863,38.5332],[-0.0754,38.538]]]]}},{"type":"Feature","properties":{"n":"la Plana Alta"},"geometry":{"type":"MultiPolygon","coordinates":[[[[0.1483,40.0866],[0.1488,40.0864],[0.1486,40.0867],[0.1483,40.0866]]],[[[0.0643,40.0431],[0.0656,40.0445],[0.0657,40.0445],[0.0643,40.0431]]],[[[0.1608,40.124],[0.1825,40.1609],[0.201,40.1814],[0.222,40.1906],[0.2321,40.1986],[0.2554,40.2036],[0.2534,40.2089],[0.2482,40.2128],[0.2063,40.2342],[0.1949,40.2358],[0.1789,40.2315],[0.1706,40.2216],[0.1657,40.2197],[0.1538,40.2234],[0.1741,40.2569],[0.1765,40.2653],[0.1718,40.2869],[0.1797,40.2942],[0.1799,40.3034],[0.1736,40.3108],[0.1655,40.3278],[0.1805,40.3433],[0.1646,40.3598],[0.1694,40.3678],[0.1675,40.3706],[0.169,40.373],[0.1513,40.3821],[0.1458,40.3807],[0.1344,40.3832],[0.129,40.3919],[0.1203,40.3943],[0.1208,40.397],[0.1133,40.4049],[0.1138,40.4084],[0.1066,40.4161],[0.1005,40.4183],[0.0868,40.4022],[0.0815,40.3752],[0.0494,40.3408],[0.0606,40.3341],[0.0611,40.3229],[0.0563,40.3075],[0.0582,40.2986],[0.0459,40.2878],[0.0274,40.2793],[0.0241,40.2835],[0.0174,40.2859],[0.0162,40.2884],[0.0182,40.2924],[0.0128,40.2998],[0.0136,40.3037],[0.0197,40.3057],[0.0235,40.3119],[0.016,40.3155],[0.0069,40.3141],[-0.0075,40.3184],[-0.0313,40.3178],[-0.0336,40.3219],[-0.0394,40.3148],[-0.0448,40.3145],[-0.0486,40.3021],[-0.0555,40.2998],[-0.0572,40.2849],[-0.0684,40.2787],[-0.0651,40.2751],[-0.069,40.2745],[-0.0705,40.2646],[-0.0818,40.2609],[-0.0817,40.2566],[-0.0755,40.2534],[-0.0812,40.2268],[-0.0848,40.2257],[-0.0854,40.223],[-0.0855,40.22],[-0.08,40.2175],[-0.0846,40.2127],[-0.0802,40.207],[-0.0801,40.1986],[-0.0761,40.1868],[-0.0817,40.1688],[-0.0965,40.1498],[-0.0977,40.1428],[-0.1075,40.1301],[-0.1301,40.1295],[-0.1351,40.1271],[-0.143,40.1157],[-0.1376,40.1113],[-0.1431,40.1106],[-0.1414,40.1055],[-0.1481,40.1024],[-0.1433,40.0895],[-0.1537,40.086],[-0.1555,40.0807],[-0.1658,40.0709],[-0.1642,40.0659],[-0.1517,40.0587],[-0.152,40.0556],[-0.157,40.0529],[-0.1546,40.0497],[-0.1607,40.0366],[-0.1578,40.0333],[-0.1641,40.0288],[-0.161,40.0259],[-0.158,40.0111],[-0.1591,40.0028],[-0.1352,39.9865],[-0.1371,39.9828],[-0.1466,39.9779],[-0.1535,39.9711],[-0.1421,39.9659],[-0.1353,39.9657],[-0.1298,39.9616],[-0.1208,39.9596],[-0.1167,39.9635],[-0.1144,39.9599],[-0.107,39.9591],[-0.1008,39.9548],[-0.0859,39.9537],[-0.0563,39.9292],[-0.0225,39.9182],[-0.0093,39.9107],[-0.0069,39.9144],[-0.0038,39.9149],[-0.005,39.9166],[-0.0001,39.9272],[-0.0004,39.9316],[0.0022,39.9324],[0.0003,39.9341],[0.0042,39.942],[0.002,39.9432],[0.0029,39.9493],[0.0077,39.9484],[0.0032,39.9496],[0.0039,39.9544],[0.0047,39.95],[0.0142,39.9479],[0.0157,39.9509],[0.02,39.9499],[0.0241,39.9565],[0.0199,39.9503],[0.0059,39.9535],[0.0049,39.9545],[0.0057,39.9574],[0.0059,39.9538],[0.0133,39.9525],[0.0148,39.9588],[0.0104,39.9598],[0.0132,39.9674],[0.017,39.9658],[0.0223,39.9675],[0.0177,39.9662],[0.012,39.9685],[0.014,39.9699],[0.0196,39.9677],[0.0155,39.97],[0.0167,39.9716],[0.0145,39.9707],[0.0172,39.9744],[0.0163,39.9721],[0.0181,39.9743],[0.0207,39.9732],[0.0201,39.9698],[0.024,39.9718],[0.0285,39.9672],[0.0258,39.9603],[0.0294,39.9598],[0.0288,39.9557],[0.0325,39.9688],[0.0243,39.9788],[0.0314,40.0023],[0.0331,40.0017],[0.0312,40.0025],[0.0375,40.0138],[0.0423,40.0165],[0.0411,40.0185],[0.0446,40.0218],[0.0434,40.024],[0.0497,40.0353],[0.0623,40.0412],[0.0657,40.0458],[0.0675,40.045],[0.068,40.0462],[0.0712,40.0459],[0.0727,40.0467],[0.0722,40.0487],[0.0762,40.0495],[0.0755,40.0513],[0.0784,40.0513],[0.0815,40.055],[0.084,40.0545],[0.0845,40.0567],[0.1062,40.0566],[0.1143,40.0615],[0.1208,40.0624],[0.1321,40.0717],[0.1335,40.0774],[0.1352,40.0773],[0.1349,40.0738],[0.137,40.0809],[0.1476,40.0829],[0.1463,40.0882],[0.1484,40.0973],[0.1608,40.124]]],[[[0.6834,39.8964],[0.6875,39.8989],[0.6879,39.9004],[0.6828,39.8967],[0.6847,39.8936],[0.6876,39.8939],[0.6834,39.8964]]],[[[0.6693,39.8751],[0.6708,39.8752],[0.6713,39.8761],[0.6693,39.8751]]],[[[0.6682,39.8923],[0.6673,39.8912],[0.6673,39.8924],[0.6682,39.8923]]],[[[0.69,39.8963],[0.6903,39.8955],[0.6901,39.8966],[0.69,39.8963]]],[[[0.671,39.8752],[0.6718,39.8748],[0.6719,39.8754],[0.671,39.8752]]],[[[0.6661,39.8893],[0.667,39.8897],[0.6668,39.8892],[0.6661,39.8893]]],[[[0.6888,39.8953],[0.6885,39.8946],[0.6881,39.8951],[0.6888,39.8953]]],[[[0.6717,39.8516],[0.6712,39.8518],[0.6715,39.8514],[0.6717,39.8516]]],[[[0.6704,39.8915],[0.67,39.8917],[0.6705,39.8919],[0.6704,39.8915]]],[[[0.672,39.8743],[0.6721,39.8746],[0.6724,39.8746],[0.672,39.8743]]],[[[0.6733,39.8507],[0.6734,39.8509],[0.6734,39.8508],[0.6733,39.8507]]],[[[0.672,39.8514],[0.672,39.8513],[0.6719,39.8514],[0.672,39.8514]]],[[[0.6722,39.8517],[0.6723,39.8516],[0.6721,39.8516],[0.6722,39.8517]]],[[[0.6739,39.851],[0.674,39.851],[0.6739,39.8509],[0.6739,39.851]]],[[[0.6742,39.8507],[0.6741,39.8507],[0.6743,39.8508],[0.6742,39.8507]]],[[[0.673,39.8511],[0.673,39.851],[0.6729,39.851],[0.673,39.8511]]],[[[0.671,39.892],[0.6709,39.892],[0.671,39.8921],[0.671,39.892]]],[[[0.6734,39.8506],[0.6735,39.8505],[0.6734,39.8505],[0.6734,39.8506]]],[[[0.6705,39.892],[0.6705,39.8921],[0.6706,39.8921],[0.6705,39.892]]],[[[0.6695,39.8902],[0.6696,39.8901],[0.6695,39.8901],[0.6695,39.8902]]],[[[0.6693,39.8902],[0.6694,39.8902],[0.6694,39.8902],[0.6693,39.8902]]],[[[0.6898,39.8961],[0.6898,39.8961],[0.6898,39.8961],[0.6898,39.8961]]],[[[0.6898,39.8962],[0.6898,39.8962],[0.6898,39.8962],[0.6898,39.8962]]]]}},{"type":"Feature","properties":{"n":"el Camp de Túria"},"geometry":{"type":"MultiPolygon","coordinates":[[[[-1.0672,39.6135],[-1.0561,39.6091],[-1.0324,39.5928],[-1.0143,39.5837],[-1.0047,39.6023],[-0.989,39.6207],[-0.963,39.6306],[-0.947,39.641],[-0.9148,39.6489],[-0.9117,39.6745],[-0.8907,39.6955],[-0.903,39.6988],[-0.9234,39.6985],[-0.9279,39.695],[-0.9529,39.6878],[-0.9619,39.6763],[-0.9829,39.6671],[-1.0103,39.632],[-1.0299,39.6465],[-1.0407,39.6505],[-1.0488,39.6392],[-1.0629,39.6308],[-1.061,39.6225],[-1.0672,39.6135]]],[[[-0.3957,39.5925],[-0.4209,39.5602],[-0.4256,39.5626],[-0.4398,39.5596],[-0.4415,39.5532],[-0.4497,39.5454],[-0.4686,39.5589],[-0.4823,39.5653],[-0.4749,39.5583],[-0.4722,39.5533],[-0.4732,39.5505],[-0.4815,39.5518],[-0.4915,39.5467],[-0.499,39.5481],[-0.5064,39.5539],[-0.5164,39.5393],[-0.5184,39.5282],[-0.5141,39.5237],[-0.5292,39.507],[-0.5263,39.4809],[-0.5296,39.4708],[-0.5616,39.4705],[-0.5617,39.4687],[-0.5821,39.4716],[-0.5913,39.4783],[-0.5892,39.4893],[-0.6067,39.5134],[-0.6063,39.5173],[-0.6384,39.5243],[-0.6667,39.5274],[-0.6953,39.5349],[-0.7181,39.5453],[-0.7211,39.5528],[-0.7176,39.5603],[-0.7179,39.5653],[-0.6998,39.5819],[-0.6937,39.6015],[-0.6907,39.6022],[-0.6923,39.6065],[-0.6856,39.6067],[-0.6862,39.6165],[-0.6836,39.6206],[-0.6776,39.622],[-0.7065,39.6518],[-0.7245,39.6547],[-0.7299,39.6534],[-0.7296,39.6556],[-0.7504,39.6587],[-0.788,39.6606],[-0.79,39.7041],[-0.7964,39.7293],[-0.7948,39.7392],[-0.7868,39.7421],[-0.7685,39.761],[-0.7498,39.775],[-0.734,39.7822],[-0.6999,39.7747],[-0.698,39.7711],[-0.6691,39.7625],[-0.6308,39.7463],[-0.5881,39.7417],[-0.5771,39.768],[-0.577,39.7732],[-0.5585,39.7905],[-0.5484,39.7957],[-0.5309,39.7962],[-0.5138,39.7791],[-0.5085,39.7708],[-0.5059,39.7595],[-0.4983,39.7476],[-0.4827,39.7342],[-0.4751,39.7318],[-0.461,39.7154],[-0.4484,39.7164],[-0.4451,39.7189],[-0.427,39.717],[-0.4083,39.7186],[-0.3995,39.7022],[-0.3892,39.6907],[-0.399,39.674],[-0.3931,39.6648],[-0.3907,39.6426],[-0.374,39.6127],[-0.3674,39.6053],[-0.3679,39.6004],[-0.3799,39.5994],[-0.3957,39.5925]],[[-0.685,39.6754],[-0.6582,39.6608],[-0.6649,39.6522],[-0.6606,39.6444],[-0.6738,39.6452],[-0.6761,39.6646],[-0.6882,39.6717],[-0.685,39.6754]]]]}},{"type":"Feature","properties":{"n":"l'Alcalatén"},"geometry":{"type":"Polygon","coordinates":[[[-0.1301,40.1295],[-0.1351,40.1271],[-0.1429,40.1161],[-0.1378,40.111],[-0.1431,40.1106],[-0.1414,40.1055],[-0.1481,40.1024],[-0.1435,40.0892],[-0.1537,40.086],[-0.1555,40.0807],[-0.1658,40.0709],[-0.1642,40.0659],[-0.1517,40.0587],[-0.152,40.0556],[-0.157,40.0529],[-0.1546,40.0497],[-0.1607,40.0366],[-0.1578,40.0333],[-0.164,40.0292],[-0.161,40.0259],[-0.1608,40.0202],[-0.1722,40.0227],[-0.2068,40.011],[-0.2124,40.0218],[-0.2251,40.0257],[-0.2327,40.0254],[-0.2721,40.0409],[-0.283,40.0482],[-0.2927,40.0473],[-0.2943,40.0554],[-0.3065,40.0591],[-0.3099,40.0628],[-0.3103,40.0673],[-0.3214,40.0682],[-0.3198,40.0736],[-0.3242,40.0835],[-0.3178,40.0993],[-0.3294,40.1272],[-0.3395,40.1366],[-0.3614,40.1464],[-0.3612,40.176],[-0.3494,40.1792],[-0.3461,40.1829],[-0.3372,40.1859],[-0.3312,40.1848],[-0.3212,40.1909],[-0.3211,40.2091],[-0.3382,40.2205],[-0.3497,40.2227],[-0.3485,40.2313],[-0.3447,40.2348],[-0.3314,40.2352],[-0.3256,40.2484],[-0.3188,40.2487],[-0.3174,40.255],[-0.313,40.2578],[-0.3118,40.2655],[-0.2978,40.2683],[-0.284,40.2652],[-0.2634,40.2486],[-0.2396,40.2336],[-0.2189,40.2013],[-0.1968,40.1765],[-0.1579,40.2019],[-0.1543,40.2103],[-0.1406,40.2104],[-0.139,40.2156],[-0.1415,40.2186],[-0.136,40.222],[-0.1345,40.2293],[-0.1243,40.227],[-0.1169,40.2282],[-0.1111,40.2309],[-0.1103,40.2341],[-0.1045,40.2327],[-0.1035,40.2391],[-0.0991,40.2403],[-0.0941,40.2362],[-0.0934,40.2312],[-0.0981,40.223],[-0.0802,40.2179],[-0.0846,40.2127],[-0.0802,40.207],[-0.0764,40.1837],[-0.0817,40.1735],[-0.0817,40.1688],[-0.0965,40.1498],[-0.0977,40.1428],[-0.1069,40.1307],[-0.1301,40.1295]]]}},{"type":"Feature","properties":{"n":"l'Horta Nord"},"geometry":{"type":"MultiPolygon","coordinates":[[[[-0.4241,39.5074],[-0.4113,39.5013],[-0.4125,39.4977],[-0.3975,39.4998],[-0.397,39.5046],[-0.3992,39.5051],[-0.397,39.5084],[-0.4012,39.5092],[-0.3998,39.5122],[-0.4021,39.5154],[-0.3983,39.5233],[-0.3956,39.5237],[-0.4019,39.5296],[-0.4074,39.5314],[-0.4172,39.547],[-0.4305,39.5547],[-0.4326,39.5612],[-0.4398,39.5596],[-0.4415,39.5532],[-0.4497,39.5454],[-0.4686,39.5589],[-0.4823,39.5653],[-0.4749,39.5583],[-0.473,39.5506],[-0.4815,39.5518],[-0.4915,39.5467],[-0.499,39.5481],[-0.5064,39.5539],[-0.5164,39.5393],[-0.5179,39.527],[-0.505,39.5208],[-0.5046,39.5148],[-0.4994,39.5101],[-0.4859,39.5114],[-0.4752,39.5096],[-0.4723,39.507],[-0.4736,39.5015],[-0.4557,39.4981],[-0.4485,39.4905],[-0.4495,39.4918],[-0.4457,39.493],[-0.4353,39.4891],[-0.4344,39.4865],[-0.4259,39.4876],[-0.4245,39.4912],[-0.4316,39.5061],[-0.4241,39.5074]]],[[[-0.3597,39.5034],[-0.3617,39.502],[-0.3676,39.5043],[-0.3723,39.5095],[-0.3666,39.5126],[-0.3712,39.5174],[-0.3737,39.5254],[-0.3709,39.5274],[-0.3849,39.5304],[-0.3856,39.533],[-0.394,39.5298],[-0.3949,39.5262],[-0.4033,39.5375],[-0.4011,39.5405],[-0.4054,39.5415],[-0.407,39.5462],[-0.4178,39.5522],[-0.4269,39.5623],[-0.4209,39.5602],[-0.4188,39.5622],[-0.3957,39.5925],[-0.3799,39.5994],[-0.3679,39.6004],[-0.3674,39.6053],[-0.374,39.6127],[-0.3794,39.6243],[-0.3532,39.6335],[-0.3432,39.6399],[-0.2956,39.6288],[-0.2683,39.6138],[-0.2594,39.6165],[-0.2581,39.6134],[-0.2599,39.6141],[-0.2615,39.6114],[-0.2597,39.6107],[-0.2628,39.6104],[-0.2614,39.608],[-0.2634,39.6087],[-0.2649,39.6062],[-0.2629,39.6053],[-0.2659,39.605],[-0.2664,39.6029],[-0.2644,39.6025],[-0.2664,39.6028],[-0.2673,39.5996],[-0.2652,39.5992],[-0.2673,39.5993],[-0.2682,39.5961],[-0.2665,39.5954],[-0.2689,39.5949],[-0.2668,39.5939],[-0.2693,39.5941],[-0.2712,39.5895],[-0.2725,39.5827],[-0.2705,39.5823],[-0.2733,39.5806],[-0.2711,39.5795],[-0.2739,39.5792],[-0.275,39.5758],[-0.2731,39.5751],[-0.2772,39.5718],[-0.2773,39.568],[-0.2803,39.567],[-0.279,39.5652],[-0.2819,39.5644],[-0.2809,39.5627],[-0.2833,39.5581],[-0.2816,39.5629],[-0.2828,39.5636],[-0.2864,39.5562],[-0.3156,39.5662],[-0.3199,39.5617],[-0.2948,39.5503],[-0.3113,39.5305],[-0.3144,39.5241],[-0.313,39.5234],[-0.3128,39.5227],[-0.3164,39.5205],[-0.3165,39.5199],[-0.3151,39.5197],[-0.3148,39.5191],[-0.3185,39.5174],[-0.3197,39.5116],[-0.3178,39.5107],[-0.3176,39.51],[-0.3216,39.5123],[-0.3229,39.5105],[-0.3223,39.5088],[-0.3211,39.5106],[-0.3209,39.5107],[-0.3183,39.5102],[-0.3206,39.5092],[-0.3227,39.5021],[-0.3234,39.4841],[-0.3342,39.4877],[-0.338,39.4859],[-0.352,39.4896],[-0.3579,39.4943],[-0.3548,39.5],[-0.3597,39.5034]],[[-0.3376,39.5515],[-0.3437,39.5475],[-0.3377,39.5457],[-0.3371,39.5436],[-0.3373,39.5411],[-0.3407,39.5419],[-0.3416,39.5397],[-0.3348,39.5357],[-0.3335,39.5375],[-0.3307,39.5363],[-0.3343,39.5426],[-0.3296,39.5466],[-0.3342,39.5492],[-0.332,39.5519],[-0.3376,39.5515]],[[-0.3615,39.5164],[-0.3513,39.5228],[-0.356,39.5244],[-0.3534,39.5292],[-0.3616,39.5321],[-0.3614,39.5279],[-0.3655,39.5289],[-0.3669,39.5271],[-0.3615,39.5164]]]]}},{"type":"Feature","properties":{"n":"la Ribera Baixa"},"geometry":{"type":"Polygon","coordinates":[[[-0.3477,39.1274],[-0.3717,39.1447],[-0.381,39.156],[-0.3789,39.1595],[-0.3812,39.1663],[-0.3966,39.1812],[-0.4113,39.1861],[-0.4083,39.1925],[-0.4095,39.1995],[-0.4069,39.2009],[-0.4033,39.199],[-0.404,39.2034],[-0.3956,39.2155],[-0.3932,39.2148],[-0.3889,39.2251],[-0.3758,39.2425],[-0.4134,39.2431],[-0.414,39.2823],[-0.4196,39.2884],[-0.4189,39.2955],[-0.4248,39.306],[-0.4216,39.3097],[-0.4261,39.3306],[-0.4051,39.3255],[-0.3956,39.3263],[-0.3945,39.3233],[-0.3918,39.323],[-0.3908,39.3151],[-0.3815,39.3167],[-0.3768,39.3123],[-0.3801,39.3111],[-0.376,39.3076],[-0.3678,39.3077],[-0.3647,39.3052],[-0.3592,39.3068],[-0.3559,39.3123],[-0.3502,39.311],[-0.3476,39.3154],[-0.3372,39.3163],[-0.3358,39.3146],[-0.3341,39.3173],[-0.3293,39.3132],[-0.3226,39.314],[-0.3185,39.3118],[-0.3182,39.3033],[-0.3123,39.3035],[-0.3056,39.2993],[-0.293,39.284],[-0.2729,39.2783],[-0.255,39.243],[-0.2225,39.1884],[-0.2163,39.1863],[-0.22,39.1801],[-0.2265,39.1812],[-0.2291,39.1782],[-0.2313,39.1801],[-0.2359,39.1787],[-0.2404,39.1686],[-0.2393,39.152],[-0.2335,39.1514],[-0.2388,39.1518],[-0.236,39.1506],[-0.2391,39.1497],[-0.2388,39.1433],[-0.2358,39.141],[-0.2363,39.1359],[-0.2306,39.1274],[-0.2224,39.1057],[-0.2357,39.1036],[-0.2744,39.1234],[-0.2878,39.1158],[-0.2984,39.1011],[-0.3048,39.0992],[-0.3106,39.1026],[-0.3099,39.1044],[-0.3411,39.1194],[-0.3477,39.1274]]]}},{"type":"Feature","properties":{"n":"la Vall d'Albaida"},"geometry":{"type":"Polygon","coordinates":[[[-0.4475,38.8197],[-0.4606,38.8149],[-0.462,38.8073],[-0.4745,38.8039],[-0.5353,38.8104],[-0.5467,38.8054],[-0.5802,38.8009],[-0.5952,38.7951],[-0.5936,38.7919],[-0.5963,38.7903],[-0.59,38.7845],[-0.59,38.7769],[-0.5843,38.7684],[-0.5754,38.7641],[-0.5656,38.7554],[-0.5599,38.7539],[-0.5565,38.7575],[-0.5418,38.7618],[-0.5379,38.7657],[-0.5296,38.7671],[-0.5209,38.7567],[-0.5075,38.7553],[-0.5071,38.743],[-0.5122,38.7434],[-0.5245,38.7356],[-0.5349,38.733],[-0.5512,38.7171],[-0.5842,38.7086],[-0.5938,38.6999],[-0.6089,38.6944],[-0.6168,38.6897],[-0.6181,38.6867],[-0.6287,38.6866],[-0.6425,38.7041],[-0.64,38.7072],[-0.644,38.7281],[-0.6711,38.7316],[-0.6776,38.7291],[-0.6888,38.7413],[-0.7072,38.7338],[-0.7084,38.7392],[-0.7172,38.7506],[-0.7222,38.7537],[-0.7333,38.7517],[-0.736,38.7536],[-0.732,38.7563],[-0.7349,38.7594],[-0.7372,38.7567],[-0.7448,38.7593],[-0.7434,38.7556],[-0.7521,38.7554],[-0.7615,38.7491],[-0.7657,38.751],[-0.7796,38.7467],[-0.7837,38.7484],[-0.7876,38.7465],[-0.7927,38.7392],[-0.8066,38.7353],[-0.8104,38.7382],[-0.8174,38.7379],[-0.8346,38.7324],[-0.8376,38.7365],[-0.8358,38.7412],[-0.86,38.769],[-0.8527,38.7743],[-0.8489,38.7808],[-0.832,38.7888],[-0.8143,38.8018],[-0.7552,38.8245],[-0.7427,38.8268],[-0.7354,38.8329],[-0.7012,38.8438],[-0.691,38.8487],[-0.6914,38.8506],[-0.6879,38.85],[-0.661,38.8617],[-0.6556,38.872],[-0.6476,38.8793],[-0.6368,38.8805],[-0.6223,38.8909],[-0.6138,38.9033],[-0.6075,38.9037],[-0.6003,38.9105],[-0.5845,38.9185],[-0.5817,38.9228],[-0.5759,38.924],[-0.5705,38.9325],[-0.555,38.9412],[-0.5306,38.9501],[-0.5253,38.9489],[-0.5014,38.9619],[-0.4999,38.9591],[-0.496,38.9593],[-0.4909,38.9631],[-0.4912,38.9653],[-0.4671,38.9716],[-0.4572,38.9766],[-0.4335,38.9802],[-0.4269,38.9853],[-0.4074,38.9871],[-0.4039,38.9843],[-0.3801,39.0216],[-0.3763,39.0187],[-0.3773,39.0168],[-0.3591,39.0123],[-0.357,39.0074],[-0.3313,39.0065],[-0.3135,38.9964],[-0.2965,38.9984],[-0.2875,38.9963],[-0.2951,38.9911],[-0.2924,38.9875],[-0.2962,38.9733],[-0.2958,38.9653],[-0.2997,38.9642],[-0.3005,38.9616],[-0.2969,38.96],[-0.2987,38.9552],[-0.3029,38.9527],[-0.3028,38.9499],[-0.2925,38.949],[-0.2915,38.9454],[-0.2998,38.9352],[-0.3038,38.9337],[-0.3032,38.9236],[-0.3071,38.9176],[-0.3049,38.917],[-0.3035,38.9066],[-0.3002,38.9012],[-0.3031,38.8908],[-0.2948,38.8892],[-0.2988,38.8853],[-0.2986,38.8818],[-0.3108,38.8815],[-0.3174,38.8685],[-0.326,38.8623],[-0.335,38.8641],[-0.3521,38.8596],[-0.3541,38.8579],[-0.3499,38.8573],[-0.3558,38.8492],[-0.3814,38.8349],[-0.4034,38.8397],[-0.4041,38.8331],[-0.4322,38.8264],[-0.4403,38.8238],[-0.4433,38.8191],[-0.4475,38.8197]],[[-0.5127,38.9321],[-0.5068,38.9324],[-0.512,38.9441],[-0.5213,38.9417],[-0.5184,38.9349],[-0.5127,38.9321]]]}},{"type":"Feature","properties":{"n":"l'Horta Sud"},"geometry":{"type":"Polygon","coordinates":[[[-0.3474,39.3705],[-0.3542,39.3653],[-0.361,39.3637],[-0.3636,39.3596],[-0.3702,39.3623],[-0.372,39.3591],[-0.3853,39.3532],[-0.388,39.3406],[-0.3945,39.3366],[-0.3929,39.3348],[-0.3968,39.3355],[-0.3963,39.3321],[-0.3988,39.3319],[-0.3956,39.3263],[-0.4051,39.3255],[-0.4261,39.3306],[-0.4216,39.3097],[-0.4296,39.3019],[-0.4587,39.3012],[-0.4959,39.3043],[-0.5126,39.3168],[-0.5388,39.324],[-0.5518,39.3324],[-0.5385,39.3613],[-0.5365,39.387],[-0.5497,39.389],[-0.5741,39.3871],[-0.5909,39.3921],[-0.5935,39.4043],[-0.5995,39.4102],[-0.604,39.4102],[-0.6092,39.4274],[-0.6129,39.4314],[-0.6128,39.4375],[-0.6172,39.4442],[-0.6056,39.4392],[-0.6043,39.4359],[-0.5921,39.4326],[-0.5552,39.4289],[-0.5344,39.4438],[-0.551,39.4478],[-0.5525,39.4703],[-0.5296,39.4708],[-0.5263,39.4809],[-0.5292,39.507],[-0.5126,39.5244],[-0.505,39.5208],[-0.5046,39.5148],[-0.4991,39.5099],[-0.4859,39.5114],[-0.4752,39.5096],[-0.4724,39.5074],[-0.4745,39.5029],[-0.4728,39.501],[-0.4557,39.4981],[-0.4485,39.4905],[-0.4488,39.4923],[-0.4442,39.4927],[-0.4353,39.4891],[-0.4344,39.4865],[-0.4253,39.4875],[-0.4103,39.4814],[-0.4133,39.4789],[-0.407,39.4727],[-0.411,39.4725],[-0.4182,39.4689],[-0.4115,39.4664],[-0.4158,39.4539],[-0.432,39.4513],[-0.4289,39.4454],[-0.4206,39.4352],[-0.4029,39.4369],[-0.4016,39.4277],[-0.3911,39.4267],[-0.3893,39.4336],[-0.3715,39.4257],[-0.3644,39.4198],[-0.3571,39.4195],[-0.3502,39.4222],[-0.351,39.4016],[-0.3342,39.3796],[-0.33,39.3653],[-0.3377,39.3735],[-0.3433,39.3715],[-0.3413,39.3674],[-0.344,39.3665],[-0.3474,39.3705]]]}},{"type":"Feature","properties":{"n":"el Baix Segura/La Vega Baja"},"geometry":{"type":"MultiPolygon","coordinates":[[[[-0.6501,38.0295],[-0.6529,38.0244],[-0.6523,38.0094],[-0.647,38.0043],[-0.6479,37.9994],[-0.6526,37.9979],[-0.6549,37.9938],[-0.6546,37.9854],[-0.6571,37.9845],[-0.6556,37.9832],[-0.6604,37.9834],[-0.6658,37.9761],[-0.6695,37.977],[-0.6781,37.9737],[-0.6801,37.9687],[-0.6871,37.9643],[-0.6818,37.9681],[-0.6851,37.9709],[-0.6809,37.9691],[-0.6801,37.971],[-0.6832,37.9718],[-0.6795,37.9728],[-0.6813,37.9751],[-0.6821,37.9739],[-0.6849,37.9737],[-0.6832,37.9751],[-0.6868,37.9754],[-0.6855,37.9735],[-0.6871,37.9722],[-0.6892,37.9737],[-0.688,37.9754],[-0.6934,37.9727],[-0.6931,37.9707],[-0.6915,37.9718],[-0.6898,37.9706],[-0.6923,37.9711],[-0.6901,37.9699],[-0.6879,37.9672],[-0.6885,37.9667],[-0.6936,37.9708],[-0.6968,37.9693],[-0.7036,37.9567],[-0.7048,37.9411],[-0.7102,37.9419],[-0.715,37.9392],[-0.72,37.9321],[-0.7222,37.9211],[-0.7199,37.9111],[-0.7266,37.911],[-0.7254,37.9121],[-0.7289,37.9136],[-0.736,37.9089],[-0.7404,37.9093],[-0.7462,37.8995],[-0.7503,37.8985],[-0.7538,37.8721],[-0.7572,37.865],[-0.7584,37.8677],[-0.7621,37.8625],[-0.7624,37.8466],[-0.772,37.8438],[-0.7876,37.8467],[-0.8036,37.8592],[-0.8305,37.8644],[-0.8572,37.8852],[-0.9212,37.9442],[-0.9354,37.9694],[-0.9485,37.9854],[-0.9657,38.0127],[-0.9984,38.0517],[-1.0072,38.055],[-1.0175,38.0677],[-1.0303,38.0971],[-1.0307,38.1157],[-1.0367,38.1377],[-1.0091,38.1667],[-0.9938,38.1905],[-0.9888,38.1994],[-0.9778,38.2383],[-0.9681,38.2558],[-0.968,38.2758],[-0.9713,38.2902],[-0.9846,38.3071],[-0.9893,38.3207],[-0.9716,38.3292],[-0.9487,38.2836],[-0.9624,38.2573],[-0.9247,38.2539],[-0.8997,38.268],[-0.8354,38.2056],[-0.8247,38.1846],[-0.8182,38.1638],[-0.8345,38.1584],[-0.8267,38.1559],[-0.8144,38.1587],[-0.8157,38.1613],[-0.8073,38.165],[-0.8019,38.1721],[-0.7861,38.1762],[-0.7726,38.1728],[-0.7607,38.1651],[-0.7513,38.1631],[-0.7158,38.1365],[-0.6976,38.136],[-0.6759,38.1427],[-0.6608,38.1427],[-0.6558,38.1286],[-0.6393,38.1275],[-0.6415,38.1144],[-0.6389,38.1127],[-0.6424,38.1124],[-0.6506,38.1104],[-0.6422,38.1122],[-0.6404,38.1118],[-0.6468,38.1108],[-0.6442,38.1105],[-0.6466,38.1094],[-0.647,38.1079],[-0.6446,38.1076],[-0.6431,38.1106],[-0.6374,38.112],[-0.6427,38.1098],[-0.6454,38.0968],[-0.6512,38.0495],[-0.6519,38.0339],[-0.6501,38.0295]]],[[[-0.6547,37.9874],[-0.6546,37.9873],[-0.6547,37.9874],[-0.6547,37.9874]]],[[[-0.7208,37.9205],[-0.7209,37.9204],[-0.7209,37.9205],[-0.7208,37.9205]]]]}},{"type":"Feature","properties":{"n":"La Plana de Utiel-Requena"},"geometry":{"type":"Polygon","coordinates":[[[-1.3836,39.3663],[-1.3925,39.3675],[-1.3989,39.364],[-1.4077,39.3663],[-1.4079,39.3697],[-1.3994,39.3693],[-1.396,39.3747],[-1.4012,39.3768],[-1.4077,39.372],[-1.4119,39.38],[-1.4214,39.3819],[-1.4252,39.3796],[-1.4223,39.3736],[-1.4227,39.3648],[-1.4281,39.3629],[-1.4308,39.3646],[-1.428,39.3752],[-1.4322,39.3774],[-1.4317,39.3717],[-1.4362,39.3732],[-1.4395,39.3716],[-1.4438,39.3621],[-1.4542,39.3611],[-1.4549,39.3636],[-1.4483,39.3666],[-1.4517,39.373],[-1.4483,39.3785],[-1.4631,39.3794],[-1.4675,39.3826],[-1.4627,39.3871],[-1.4556,39.3829],[-1.4525,39.3836],[-1.4577,39.3885],[-1.453,39.3894],[-1.4539,39.3931],[-1.4517,39.3977],[-1.454,39.4003],[-1.4619,39.4002],[-1.4672,39.3903],[-1.4735,39.3914],[-1.4767,39.3936],[-1.4752,39.3982],[-1.4662,39.4015],[-1.47,39.4078],[-1.4757,39.4086],[-1.4834,39.4009],[-1.4873,39.4004],[-1.4894,39.4038],[-1.4871,39.4121],[-1.4886,39.4171],[-1.4823,39.4188],[-1.4834,39.4226],[-1.4907,39.4217],[-1.4988,39.4151],[-1.5055,39.4187],[-1.4969,39.4291],[-1.5063,39.4285],[-1.5116,39.4349],[-1.5138,39.4328],[-1.5131,39.4283],[-1.5214,39.4322],[-1.5208,39.4353],[-1.5154,39.4387],[-1.5245,39.4431],[-1.5182,39.448],[-1.5267,39.4506],[-1.5287,39.4552],[-1.5245,39.4578],[-1.5186,39.4555],[-1.5131,39.458],[-1.5133,39.4709],[-1.5094,39.4768],[-1.5028,39.4793],[-1.5117,39.482],[-1.5116,39.4847],[-1.5048,39.4875],[-1.5109,39.4898],[-1.5124,39.4959],[-1.5036,39.4912],[-1.4989,39.502],[-1.5049,39.5035],[-1.5071,39.5079],[-1.5063,39.5129],[-1.5012,39.5152],[-1.5069,39.521],[-1.5037,39.5281],[-1.5058,39.5322],[-1.5009,39.5344],[-1.506,39.5401],[-1.5026,39.5466],[-1.5049,39.5482],[-1.5111,39.5456],[-1.5211,39.55],[-1.5178,39.5519],[-1.5031,39.5521],[-1.5036,39.5559],[-1.5009,39.558],[-1.5044,39.5639],[-1.4768,39.5691],[-1.4621,39.5766],[-1.453,39.5915],[-1.4365,39.6288],[-1.4179,39.6549],[-1.3685,39.6896],[-1.3427,39.6816],[-1.3258,39.6731],[-1.3128,39.6705],[-1.292,39.6725],[-1.2796,39.6779],[-1.262,39.6989],[-1.2714,39.7135],[-1.271,39.7312],[-1.2743,39.7337],[-1.2754,39.7386],[-1.2492,39.7725],[-1.2341,39.7828],[-1.2212,39.8032],[-1.215,39.8088],[-1.2169,39.8144],[-1.2117,39.8203],[-1.2107,39.8333],[-1.2039,39.8301],[-1.2017,39.8206],[-1.1966,39.8141],[-1.1828,39.8071],[-1.1648,39.7818],[-1.1501,39.7746],[-1.1648,39.7602],[-1.1694,39.7497],[-1.1695,39.7439],[-1.1616,39.7308],[-1.1611,39.7234],[-1.1632,39.688],[-1.1671,39.6784],[-1.1617,39.6758],[-1.16,39.6672],[-1.1281,39.6453],[-1.1134,39.6378],[-1.0958,39.6207],[-1.0885,39.617],[-1.0569,39.6095],[-1.0324,39.5928],[-1.0143,39.5837],[-1.0047,39.6023],[-0.989,39.6207],[-0.964,39.6301],[-0.9519,39.6175],[-0.948,39.6168],[-0.9318,39.5973],[-0.9321,39.5876],[-0.9278,39.5835],[-0.9271,39.5814],[-0.9295,39.5808],[-0.9256,39.5768],[-0.8978,39.5675],[-0.8981,39.5639],[-0.9149,39.5615],[-0.936,39.5535],[-0.9317,39.5436],[-0.9633,39.5513],[-0.9827,39.5531],[-0.9798,39.5416],[-0.9793,39.5105],[-0.9671,39.4851],[-0.9649,39.4747],[-0.9686,39.4588],[-0.9681,39.4504],[-0.9759,39.4354],[-0.9781,39.4261],[-0.9754,39.3873],[-0.9766,39.3737],[-0.9847,39.3574],[-0.9821,39.3505],[-0.9838,39.3463],[-0.9819,39.3428],[-0.9828,39.3367],[-0.9955,39.3404],[-1.0286,39.3238],[-1.0728,39.3117],[-1.0922,39.3119],[-1.0889,39.2941],[-1.0923,39.2912],[-1.099,39.2929],[-1.1019,39.2891],[-1.1121,39.2852],[-1.1123,39.2823],[-1.1152,39.2838],[-1.1188,39.276],[-1.176,39.2655],[-1.1748,39.2793],[-1.1619,39.3056],[-1.1693,39.3132],[-1.1925,39.3165],[-1.1966,39.314],[-1.2021,39.3179],[-1.2022,39.3211],[-1.2076,39.3266],[-1.2186,39.3167],[-1.2231,39.3159],[-1.2382,39.3224],[-1.2443,39.3215],[-1.2472,39.3287],[-1.2508,39.3227],[-1.2553,39.3272],[-1.2626,39.3298],[-1.2689,39.3286],[-1.275,39.3338],[-1.282,39.3282],[-1.2915,39.3342],[-1.2976,39.3303],[-1.3016,39.3329],[-1.2988,39.3369],[-1.3121,39.3429],[-1.3187,39.3422],[-1.3211,39.3383],[-1.3282,39.3412],[-1.3335,39.3405],[-1.3349,39.3388],[-1.3302,39.3362],[-1.3363,39.3338],[-1.3428,39.3402],[-1.3541,39.341],[-1.3572,39.3475],[-1.362,39.3495],[-1.3659,39.3551],[-1.3843,39.3537],[-1.3852,39.3556],[-1.3819,39.3594],[-1.3836,39.3663]]]}},{"type":"Feature","properties":{"n":"el Baix Vinalopó"},"geometry":{"type":"Polygon","coordinates":[[[-0.5103,38.2242],[-0.5074,38.2185],[-0.5075,38.2095],[-0.5099,38.2022],[-0.5176,38.1943],[-0.5334,38.1877],[-0.5378,38.1882],[-0.5379,38.1869],[-0.539,38.1855],[-0.539,38.1882],[-0.5415,38.1893],[-0.5444,38.1893],[-0.5446,38.1873],[-0.5447,38.1892],[-0.548,38.1875],[-0.5505,38.1893],[-0.5519,38.1873],[-0.5541,38.1893],[-0.5606,38.1847],[-0.5632,38.1843],[-0.557,38.1898],[-0.5599,38.1905],[-0.5605,38.1903],[-0.5588,38.1887],[-0.5606,38.1881],[-0.5613,38.1909],[-0.5646,38.1906],[-0.5625,38.1908],[-0.5646,38.1906],[-0.5627,38.1905],[-0.5645,38.1903],[-0.5626,38.1902],[-0.5644,38.19],[-0.5626,38.1899],[-0.5643,38.1886],[-0.5627,38.1864],[-0.5674,38.1914],[-0.5955,38.1878],[-0.6139,38.1738],[-0.6328,38.146],[-0.6393,38.1275],[-0.6558,38.1286],[-0.6608,38.1427],[-0.6759,38.1427],[-0.6976,38.136],[-0.7158,38.1365],[-0.7513,38.1631],[-0.7607,38.1651],[-0.7726,38.1728],[-0.7861,38.1762],[-0.8019,38.1721],[-0.8073,38.165],[-0.8157,38.1613],[-0.8144,38.1587],[-0.8267,38.1559],[-0.8345,38.1584],[-0.8182,38.1638],[-0.8247,38.1846],[-0.8354,38.2056],[-0.8542,38.2223],[-0.8642,38.2354],[-0.8758,38.2432],[-0.8886,38.2593],[-0.8959,38.2639],[-0.8754,38.2777],[-0.8657,38.2815],[-0.8127,38.2925],[-0.8024,38.2932],[-0.7959,38.2897],[-0.7595,38.2999],[-0.7495,38.3095],[-0.7351,38.3123],[-0.7085,38.3264],[-0.6794,38.3311],[-0.6747,38.3348],[-0.6452,38.3413],[-0.6404,38.3447],[-0.6235,38.3434],[-0.6118,38.3372],[-0.601,38.3249],[-0.5775,38.3058],[-0.5682,38.3015],[-0.5401,38.3055],[-0.5286,38.2893],[-0.5226,38.2743],[-0.5194,38.2743],[-0.5103,38.2242]]]}},{"type":"Feature","properties":{"n":"La Serranía"},"geometry":{"type":"MultiPolygon","coordinates":[[[[-0.6562,39.836],[-0.6911,39.8525],[-0.707,39.8351],[-0.7125,39.8167],[-0.7225,39.8132],[-0.7275,39.8162],[-0.7305,39.8148],[-0.7376,39.8222],[-0.7372,39.8298],[-0.7452,39.832],[-0.7452,39.8358],[-0.754,39.8433],[-0.7736,39.8698],[-0.7938,39.8814],[-0.815,39.8735],[-0.8287,39.8711],[-0.8388,39.8625],[-0.8565,39.8555],[-0.858,39.8505],[-0.8636,39.8474],[-0.874,39.8483],[-0.8793,39.8523],[-0.8886,39.8521],[-0.9078,39.8657],[-0.9128,39.8731],[-0.9081,39.886],[-0.9002,39.8918],[-0.903,39.8971],[-0.9096,39.8986],[-0.9076,39.9007],[-0.9138,39.918],[-0.9076,39.928],[-0.9035,39.9262],[-0.9027,39.9318],[-0.906,39.944],[-0.9172,39.9549],[-0.9158,39.9579],[-0.9185,39.9627],[-0.9205,39.9644],[-0.9249,39.9591],[-0.9319,39.9561],[-0.9348,39.9599],[-0.9445,39.9628],[-0.9492,39.9673],[-0.9894,39.9818],[-0.9991,39.9801],[-1.0025,39.9818],[-1.0257,39.9746],[-1.0576,39.9805],[-1.0728,39.9795],[-1.0859,39.9763],[-1.0869,39.9732],[-1.0846,39.9719],[-1.0921,39.9678],[-1.105,39.975],[-1.1074,39.9701],[-1.1098,39.969],[-1.1147,39.9728],[-1.1235,39.9663],[-1.1217,39.9609],[-1.1284,39.9629],[-1.131,39.9707],[-1.1425,39.9719],[-1.153,39.9641],[-1.2041,39.9494],[-1.2083,39.9439],[-1.2073,39.9373],[-1.21,39.934],[-1.2068,39.9324],[-1.2091,39.9283],[-1.2006,39.9235],[-1.1966,39.9177],[-1.1986,39.9162],[-1.1958,39.9141],[-1.2003,39.891],[-1.2002,39.8734],[-1.1979,39.8729],[-1.2007,39.8708],[-1.2,39.8587],[-1.2109,39.8382],[-1.2107,39.8333],[-1.2039,39.8301],[-1.2017,39.8206],[-1.1966,39.8141],[-1.1828,39.8071],[-1.1648,39.7818],[-1.1501,39.7746],[-1.1648,39.7602],[-1.1694,39.7497],[-1.1694,39.7435],[-1.1616,39.7308],[-1.163,39.6896],[-1.1671,39.6784],[-1.1617,39.6758],[-1.1606,39.6678],[-1.1281,39.6453],[-1.1134,39.6378],[-1.0958,39.6207],[-1.0885,39.617],[-1.0672,39.6135],[-1.061,39.6225],[-1.0629,39.6308],[-1.0488,39.6392],[-1.0407,39.6505],[-1.0299,39.6465],[-1.0103,39.632],[-0.9829,39.6671],[-0.9619,39.6763],[-0.9529,39.6878],[-0.9279,39.695],[-0.9234,39.6985],[-0.903,39.6988],[-0.8907,39.6955],[-0.9117,39.6745],[-0.9148,39.6489],[-0.947,39.641],[-0.964,39.6301],[-0.9519,39.6175],[-0.948,39.6168],[-0.9318,39.5973],[-0.9321,39.5876],[-0.9278,39.5835],[-0.9271,39.5814],[-0.9295,39.5808],[-0.9256,39.5768],[-0.8978,39.5675],[-0.8981,39.5639],[-0.9149,39.5615],[-0.936,39.5535],[-0.9317,39.5436],[-0.92,39.5384],[-0.9194,39.5436],[-0.8879,39.5532],[-0.8652,39.5511],[-0.8299,39.5423],[-0.7896,39.5564],[-0.7438,39.5379],[-0.7181,39.5453],[-0.7211,39.5528],[-0.7176,39.5603],[-0.7179,39.5653],[-0.6998,39.5819],[-0.6937,39.6015],[-0.6907,39.6022],[-0.6923,39.6065],[-0.6856,39.6067],[-0.6862,39.6165],[-0.6836,39.6206],[-0.6776,39.622],[-0.7065,39.6518],[-0.7245,39.6547],[-0.7299,39.6534],[-0.7296,39.6556],[-0.7504,39.6587],[-0.788,39.6606],[-0.79,39.7041],[-0.7964,39.7293],[-0.7959,39.7352],[-0.7948,39.7392],[-0.7868,39.7421],[-0.7634,39.7653],[-0.7416,39.7802],[-0.734,39.7822],[-0.6999,39.7747],[-0.698,39.7711],[-0.6691,39.7625],[-0.6524,39.7541],[-0.645,39.792],[-0.6562,39.836]]],[[[-0.685,39.6754],[-0.6882,39.6717],[-0.6761,39.6646],[-0.6738,39.6452],[-0.6606,39.6444],[-0.6649,39.6522],[-0.6582,39.6608],[-0.685,39.6754]]]]}},{"type":"Feature","properties":{"n":"la Costera"},"geometry":{"type":"MultiPolygon","coordinates":[[[[-0.4319,39.0714],[-0.4349,39.0517],[-0.4258,39.052],[-0.4145,39.0481],[-0.4074,39.0399],[-0.4073,39.043],[-0.3831,39.0384],[-0.3742,39.0464],[-0.3743,39.0503],[-0.3815,39.0573],[-0.3914,39.0567],[-0.4142,39.0681],[-0.4319,39.0714]]],[[[-0.5216,38.9403],[-0.512,38.9441],[-0.5069,38.9322],[-0.5165,38.9336],[-0.5216,38.9403]]],[[[-0.544,39.0471],[-0.553,39.0488],[-0.5547,39.0565],[-0.5447,39.055],[-0.544,39.0471]]],[[[-0.5663,39.0266],[-0.5675,39.0415],[-0.5505,39.0472],[-0.5449,39.0445],[-0.5419,39.0464],[-0.5382,39.0404],[-0.5205,39.0398],[-0.5093,39.0455],[-0.5111,39.0494],[-0.5059,39.0456],[-0.4997,39.045],[-0.4962,39.0374],[-0.4945,39.0403],[-0.4864,39.0374],[-0.4821,39.0404],[-0.4697,39.0286],[-0.4603,39.0265],[-0.4508,39.0288],[-0.4415,39.0265],[-0.4322,39.0322],[-0.4176,39.034],[-0.4161,39.0371],[-0.4077,39.0339],[-0.3903,39.0328],[-0.388,39.0367],[-0.3831,39.0384],[-0.385,39.0332],[-0.3801,39.0216],[-0.4039,38.9843],[-0.4074,38.9871],[-0.4269,38.9853],[-0.4335,38.9802],[-0.4572,38.9766],[-0.4671,38.9716],[-0.4912,38.9653],[-0.4909,38.9631],[-0.496,38.9593],[-0.4999,38.9591],[-0.5014,38.9619],[-0.5253,38.9489],[-0.5306,38.9501],[-0.555,38.9412],[-0.5705,38.9325],[-0.5759,38.924],[-0.5817,38.9228],[-0.5845,38.9185],[-0.6003,38.9105],[-0.6075,38.9037],[-0.6138,38.9033],[-0.6223,38.8909],[-0.6368,38.8805],[-0.6476,38.8793],[-0.6556,38.872],[-0.661,38.8617],[-0.6879,38.85],[-0.6914,38.8506],[-0.691,38.8487],[-0.7012,38.8438],[-0.7354,38.8329],[-0.7427,38.8268],[-0.7552,38.8245],[-0.8143,38.8018],[-0.832,38.7888],[-0.8489,38.7808],[-0.8527,38.7743],[-0.86,38.769],[-0.862,38.7712],[-0.8825,38.7719],[-0.8877,38.7692],[-0.9051,38.7672],[-0.9137,38.7697],[-0.9177,38.776],[-0.9153,38.7814],[-0.9291,38.7837],[-0.934,38.7936],[-0.9331,38.8109],[-0.9274,38.8158],[-0.9245,38.8238],[-0.9306,38.8298],[-0.9352,38.8556],[-0.93,38.8634],[-0.932,38.868],[-0.9314,38.8795],[-0.9243,38.8916],[-0.8993,38.9016],[-0.8525,38.9107],[-0.836,38.9172],[-0.8132,38.9124],[-0.7851,38.9192],[-0.7722,38.9175],[-0.7699,38.9201],[-0.7671,38.917],[-0.7636,38.9169],[-0.7608,38.92],[-0.7276,38.9251],[-0.6964,38.9487],[-0.6834,38.9636],[-0.6729,38.9678],[-0.6675,38.9739],[-0.653,38.9819],[-0.6437,38.9807],[-0.6448,38.985],[-0.6357,38.9887],[-0.6314,38.9987],[-0.6258,39.0019],[-0.6299,39.006],[-0.6291,39.017],[-0.6331,39.0269],[-0.6319,39.029],[-0.6214,39.0301],[-0.6041,39.0252],[-0.5959,39.0178],[-0.6,39.0136],[-0.5938,39.015],[-0.5905,39.0142],[-0.5903,39.0119],[-0.5702,39.0185],[-0.5663,39.0266]]]]}},{"type":"Feature","properties":{"n":"la Safor"},"geometry":{"type":"Polygon","coordinates":[[[-0.1488,38.9859],[-0.0966,38.9334],[-0.0935,38.934],[-0.0915,38.9334],[-0.0934,38.9338],[-0.0961,38.9322],[-0.0956,38.93],[-0.0956,38.932],[-0.0943,38.931],[-0.0951,38.9321],[-0.0938,38.933],[-0.094,38.9328],[-0.0934,38.9332],[-0.0926,38.9331],[-0.093,38.9305],[-0.0836,38.9217],[-0.0377,38.8869],[-0.0358,38.8802],[-0.0247,38.8727],[-0.0282,38.8678],[-0.0271,38.8615],[-0.0336,38.8574],[-0.0418,38.8564],[-0.0459,38.8646],[-0.0649,38.8748],[-0.0706,38.8857],[-0.0787,38.8841],[-0.0783,38.8805],[-0.0898,38.8792],[-0.0921,38.8715],[-0.0954,38.8749],[-0.1021,38.875],[-0.1481,38.8584],[-0.1551,38.8605],[-0.1538,38.8719],[-0.1608,38.8874],[-0.1623,38.8828],[-0.1676,38.8799],[-0.1801,38.8788],[-0.1887,38.8734],[-0.1976,38.8663],[-0.1963,38.8594],[-0.2305,38.8535],[-0.2421,38.8606],[-0.2458,38.8587],[-0.2596,38.8598],[-0.2734,38.864],[-0.2891,38.8726],[-0.2993,38.8817],[-0.2948,38.8892],[-0.3031,38.8908],[-0.3002,38.9012],[-0.3035,38.9066],[-0.3049,38.917],[-0.3071,38.9176],[-0.3032,38.9236],[-0.3038,38.9337],[-0.2998,38.9352],[-0.2915,38.9454],[-0.2925,38.949],[-0.3028,38.9499],[-0.3029,38.9527],[-0.2987,38.9552],[-0.2969,38.96],[-0.3005,38.9616],[-0.2997,38.9642],[-0.2958,38.9653],[-0.2962,38.9733],[-0.2924,38.9875],[-0.2951,38.9911],[-0.2875,38.9963],[-0.2965,38.9984],[-0.3135,38.9964],[-0.3313,39.0065],[-0.3553,39.007],[-0.3584,39.0078],[-0.3595,39.0125],[-0.3776,39.017],[-0.3763,39.0187],[-0.3815,39.0219],[-0.385,39.0337],[-0.3831,39.0384],[-0.3742,39.0464],[-0.3743,39.0503],[-0.3815,39.0573],[-0.3816,39.0644],[-0.3619,39.0783],[-0.3528,39.0752],[-0.3446,39.0753],[-0.3345,39.0697],[-0.327,39.0691],[-0.3278,39.0751],[-0.3176,39.0928],[-0.3077,39.0945],[-0.3034,39.0981],[-0.3046,39.0992],[-0.2981,39.1014],[-0.2873,39.1161],[-0.2744,39.1234],[-0.2357,39.1036],[-0.2224,39.1057],[-0.1997,39.0582],[-0.1839,39.0347],[-0.1562,38.9984],[-0.1443,38.9953],[-0.1563,38.9981],[-0.153,38.9969],[-0.1611,38.9924],[-0.1518,38.9956],[-0.1489,38.993],[-0.1467,38.9944],[-0.1501,38.9917],[-0.1521,38.9909],[-0.1488,38.9859]]]}},{"type":"Feature","properties":{"n":"La Hoya de Buñol"},"geometry":{"type":"Polygon","coordinates":[[[-0.7452,39.3252],[-0.7415,39.34],[-0.7391,39.3754],[-0.7366,39.3788],[-0.7385,39.3968],[-0.7341,39.407],[-0.7279,39.4137],[-0.6541,39.4074],[-0.6257,39.4106],[-0.6038,39.41],[-0.6092,39.4274],[-0.6129,39.4314],[-0.6128,39.4375],[-0.6172,39.4442],[-0.6056,39.4392],[-0.6043,39.4359],[-0.5921,39.4326],[-0.5552,39.4289],[-0.5344,39.4438],[-0.551,39.4478],[-0.5525,39.4703],[-0.5746,39.4697],[-0.584,39.4724],[-0.5913,39.4783],[-0.5892,39.4893],[-0.6067,39.5134],[-0.6063,39.5173],[-0.6384,39.5243],[-0.6667,39.5274],[-0.6953,39.5349],[-0.7181,39.5453],[-0.7438,39.5379],[-0.7896,39.5564],[-0.8299,39.5423],[-0.8652,39.5511],[-0.8879,39.5532],[-0.9194,39.5436],[-0.92,39.5384],[-0.9324,39.5439],[-0.9633,39.5513],[-0.9827,39.5531],[-0.9798,39.5416],[-0.9793,39.5105],[-0.9671,39.4851],[-0.9649,39.4747],[-0.9686,39.4588],[-0.9681,39.4504],[-0.9759,39.4354],[-0.9781,39.4261],[-0.9754,39.3873],[-0.9766,39.3737],[-0.9847,39.3574],[-0.9821,39.3505],[-0.9838,39.3463],[-0.9819,39.3428],[-0.9828,39.3367],[-0.9689,39.3335],[-0.9278,39.3155],[-0.8997,39.3101],[-0.8929,39.2917],[-0.8892,39.2878],[-0.8901,39.2757],[-0.8881,39.2713],[-0.8819,39.2769],[-0.8778,39.2731],[-0.8665,39.2719],[-0.8615,39.2753],[-0.8532,39.2748],[-0.8512,39.2792],[-0.8539,39.2836],[-0.8501,39.2849],[-0.8478,39.282],[-0.8378,39.2805],[-0.8391,39.2768],[-0.8351,39.2738],[-0.824,39.2711],[-0.8144,39.2729],[-0.8129,39.2698],[-0.8065,39.2649],[-0.8024,39.2647],[-0.7987,39.2604],[-0.7934,39.2612],[-0.7919,39.267],[-0.7811,39.2653],[-0.7742,39.2499],[-0.7679,39.2501],[-0.7576,39.2416],[-0.7528,39.2427],[-0.7376,39.2335],[-0.7328,39.2356],[-0.7253,39.2261],[-0.7185,39.2268],[-0.7162,39.2232],[-0.7082,39.2365],[-0.7061,39.2576],[-0.6902,39.2626],[-0.6814,39.2732],[-0.6755,39.2855],[-0.6813,39.2915],[-0.6948,39.3152],[-0.7128,39.323],[-0.7452,39.3252]]]}},{"type":"Feature","properties":{"n":"la Marina Alta"},"geometry":{"type":"MultiPolygon","coordinates":[[[[0.16,38.822],[0.1599,38.8221],[0.16,38.8221],[0.16,38.822]]],[[[0.1655,38.7059],[0.1653,38.706],[0.1656,38.706],[0.1655,38.7059]]],[[[0.1736,38.712],[0.1738,38.7119],[0.1736,38.7119],[0.1736,38.712]]],[[[0.1617,38.7012],[0.1617,38.701],[0.1616,38.7012],[0.1617,38.7012]]],[[[0.1727,38.7116],[0.1728,38.7116],[0.1727,38.7116],[0.1727,38.7116]]],[[[0.1656,38.7057],[0.1655,38.7056],[0.1655,38.7057],[0.1656,38.7057]]],[[[0.1648,38.7043],[0.1648,38.7042],[0.1647,38.7042],[0.1648,38.7043]]],[[[0.156,38.6914],[0.1558,38.6917],[0.156,38.6917],[0.156,38.6914]]],[[[0.1199,38.6797],[0.1197,38.6794],[0.1201,38.6797],[0.1199,38.6797]]],[[[0.1563,38.694],[0.1564,38.6942],[0.1566,38.694],[0.1563,38.694]]],[[[0.1564,38.6971],[0.1565,38.6972],[0.1566,38.6971],[0.1564,38.6971]]],[[[0.1558,38.6918],[0.1558,38.6919],[0.1559,38.6918],[0.1558,38.6918]]],[[[0.1561,38.6923],[0.156,38.6923],[0.1562,38.6923],[0.1561,38.6923]]],[[[0.1556,38.6981],[0.155,38.6869],[0.1488,38.6794],[0.1464,38.6874],[0.135,38.6868],[0.1393,38.6849],[0.1304,38.687],[0.121,38.682],[0.1152,38.6737],[0.1017,38.674],[0.0883,38.6648],[0.0885,38.6621],[0.0779,38.6532],[0.079,38.6512],[0.0729,38.643],[0.0768,38.6361],[0.0838,38.6311],[0.082,38.6309],[0.0759,38.6328],[0.0715,38.6333],[0.0712,38.6357],[0.0673,38.6361],[0.0706,38.6363],[0.0711,38.639],[0.0691,38.6392],[0.0692,38.637],[0.0673,38.6403],[0.0499,38.6417],[0.0347,38.6361],[0.0351,38.6338],[0.0292,38.6283],[0.0307,38.626],[0.0285,38.6258],[0.011,38.6319],[0.0064,38.6342],[0.0068,38.6373],[-0.0444,38.661],[-0.0465,38.6586],[-0.0588,38.6617],[-0.064,38.6717],[-0.0651,38.6802],[-0.056,38.7065],[-0.0495,38.7156],[-0.0575,38.7252],[-0.0651,38.7231],[-0.0871,38.723],[-0.0952,38.7265],[-0.0979,38.7302],[-0.1208,38.7238],[-0.1272,38.7282],[-0.1381,38.727],[-0.1432,38.7375],[-0.1444,38.729],[-0.1493,38.7233],[-0.149,38.7006],[-0.1534,38.7007],[-0.1535,38.6986],[-0.1782,38.7021],[-0.1825,38.7002],[-0.2244,38.7126],[-0.2262,38.7149],[-0.222,38.7195],[-0.2252,38.7234],[-0.2216,38.7323],[-0.238,38.7504],[-0.2301,38.7584],[-0.1957,38.77],[-0.2289,38.7788],[-0.2556,38.7753],[-0.2804,38.7643],[-0.287,38.7662],[-0.292,38.7722],[-0.2836,38.7828],[-0.287,38.7935],[-0.2857,38.8057],[-0.298,38.8204],[-0.3072,38.8223],[-0.3066,38.8245],[-0.281,38.8359],[-0.2603,38.8599],[-0.2458,38.8587],[-0.2421,38.8606],[-0.2305,38.8535],[-0.1963,38.8594],[-0.1976,38.8663],[-0.1887,38.8734],[-0.1801,38.8788],[-0.1676,38.8799],[-0.1623,38.8828],[-0.1608,38.8874],[-0.1538,38.8719],[-0.1551,38.8605],[-0.1481,38.8584],[-0.1021,38.875],[-0.0954,38.8749],[-0.0921,38.8715],[-0.0898,38.8792],[-0.0783,38.8805],[-0.0787,38.8841],[-0.0706,38.8857],[-0.0649,38.8748],[-0.0459,38.8646],[-0.0418,38.8564],[-0.0339,38.8573],[-0.0271,38.8615],[-0.0282,38.8678],[-0.0247,38.8726],[-0.0358,38.8802],[-0.0374,38.8826],[-0.0377,38.8869],[-0.0129,38.871],[-0.0071,38.8696],[-0.0063,38.8712],[0.0077,38.8666],[0.0094,38.8683],[0.0087,38.8667],[0.0158,38.8638],[0.0217,38.8655],[0.0371,38.86],[0.0459,38.8606],[0.0475,38.8635],[0.0514,38.8635],[0.0941,38.8539],[0.1077,38.8474],[0.1136,38.8501],[0.1118,38.8474],[0.116,38.8455],[0.1201,38.845],[0.1257,38.8487],[0.1206,38.8447],[0.1174,38.8451],[0.1172,38.8424],[0.1111,38.847],[0.1093,38.8459],[0.1204,38.8368],[0.121,38.8396],[0.119,38.8393],[0.1208,38.8401],[0.1188,38.8397],[0.1206,38.8406],[0.1187,38.8403],[0.1204,38.8413],[0.1187,38.841],[0.121,38.8421],[0.1207,38.8432],[0.1227,38.8444],[0.1206,38.836],[0.1246,38.8334],[0.1303,38.8325],[0.1324,38.8354],[0.1473,38.8317],[0.1593,38.8237],[0.1597,38.8223],[0.1609,38.8205],[0.1702,38.8153],[0.1901,38.8088],[0.1907,38.8067],[0.1969,38.8044],[0.1989,38.8018],[0.1968,38.7998],[0.1956,38.8002],[0.1899,38.7997],[0.1872,38.7947],[0.1886,38.7987],[0.1868,38.7971],[0.185,38.7985],[0.1861,38.7961],[0.1823,38.7945],[0.1838,38.7857],[0.1916,38.7746],[0.191,38.7752],[0.1871,38.7754],[0.1854,38.7775],[0.184,38.7774],[0.1862,38.775],[0.1909,38.775],[0.1915,38.7721],[0.1978,38.7706],[0.2092,38.7607],[0.2198,38.7601],[0.221,38.7632],[0.2247,38.7643],[0.2217,38.7584],[0.226,38.7544],[0.224,38.7526],[0.2255,38.7451],[0.232,38.7462],[0.2315,38.7403],[0.2339,38.7396],[0.234,38.7369],[0.2323,38.7371],[0.2314,38.7367],[0.2322,38.7357],[0.2304,38.734],[0.231,38.7317],[0.2261,38.7328],[0.2183,38.7305],[0.2157,38.7278],[0.2134,38.7323],[0.2041,38.7323],[0.1967,38.7294],[0.1992,38.7253],[0.1886,38.7231],[0.1841,38.7195],[0.1821,38.7206],[0.1802,38.7165],[0.1673,38.7105],[0.1648,38.7056],[0.1647,38.704],[0.1556,38.6981]]],[[[0.0446,38.639],[0.0448,38.6389],[0.0446,38.6388],[0.0446,38.639]]],[[[0.0727,38.6324],[0.0728,38.6325],[0.0728,38.6325],[0.0727,38.6324]]],[[[0.0772,38.636],[0.0773,38.636],[0.0773,38.636],[0.0772,38.636]]],[[[0.0724,38.6328],[0.0724,38.6328],[0.0725,38.6328],[0.0724,38.6328]]],[[[0.0722,38.6328],[0.0722,38.6328],[0.0721,38.6328],[0.0722,38.6328]]],[[[0.0713,38.6347],[0.0712,38.6346],[0.0712,38.6347],[0.0713,38.6347]]],[[[0.076,38.6327],[0.0759,38.6327],[0.076,38.6327],[0.076,38.6327]]],[[[0.0759,38.6396],[0.0759,38.6396],[0.0758,38.6396],[0.0759,38.6396]]],[[[0.2302,38.7534],[0.228,38.7539],[0.229,38.7569],[0.2316,38.7563],[0.2302,38.7534]]],[[[0.2158,38.7278],[0.2187,38.7262],[0.2152,38.7274],[0.2158,38.7278]]],[[[0.2246,38.7614],[0.2242,38.7613],[0.2241,38.7616],[0.2246,38.7614]]],[[[0.2313,38.7522],[0.2318,38.7524],[0.2313,38.7521],[0.2313,38.7522]]],[[[0.2309,38.7329],[0.2315,38.7327],[0.2315,38.7327],[0.2309,38.7329]]],[[[0.2134,38.732],[0.2131,38.7321],[0.2131,38.7322],[0.2134,38.732]]],[[[0.1977,38.8],[0.1976,38.8002],[0.1977,38.8002],[0.1977,38.8]]],[[[0.2194,38.7303],[0.2195,38.7301],[0.2193,38.7302],[0.2194,38.7303]]],[[[0.2248,38.7612],[0.2248,38.7615],[0.2248,38.7612],[0.2248,38.7612]]],[[[0.2339,38.7425],[0.2339,38.7427],[0.2341,38.7427],[0.2339,38.7425]]],[[[0.2242,38.7612],[0.2239,38.7612],[0.2239,38.7614],[0.2242,38.7612]]],[[[0.2319,38.7365],[0.2318,38.7367],[0.2319,38.7365],[0.2319,38.7365]]],[[[0.1886,38.7225],[0.1887,38.7227],[0.1888,38.7226],[0.1886,38.7225]]],[[[0.2237,38.7647],[0.2238,38.7648],[0.2238,38.7646],[0.2237,38.7647]]],[[[0.2238,38.7611],[0.2236,38.7611],[0.2237,38.7612],[0.2238,38.7611]]],[[[0.1922,38.8064],[0.192,38.8064],[0.1921,38.8065],[0.1922,38.8064]]],[[[0.2174,38.7292],[0.2173,38.7293],[0.2174,38.7293],[0.2174,38.7292]]],[[[0.215,38.7272],[0.2152,38.7272],[0.2152,38.7271],[0.215,38.7272]]],[[[0.2151,38.7279],[0.2152,38.7279],[0.2152,38.7278],[0.2151,38.7279]]],[[[0.1972,38.8],[0.1972,38.8],[0.1972,38.8],[0.1972,38.8]]],[[[0.1962,38.7998],[0.1961,38.7998],[0.1961,38.7999],[0.1962,38.7998]]]]}},{"type":"Feature","properties":{"n":"el Comtat"},"geometry":{"type":"Polygon","coordinates":[[[-0.3499,38.8573],[-0.3564,38.8487],[-0.3814,38.8349],[-0.4034,38.8397],[-0.4041,38.8331],[-0.4403,38.8238],[-0.4433,38.8191],[-0.4443,38.8205],[-0.4606,38.8149],[-0.462,38.8073],[-0.4745,38.8039],[-0.5353,38.8104],[-0.5467,38.8054],[-0.5802,38.8009],[-0.5952,38.7951],[-0.5936,38.7919],[-0.5963,38.7903],[-0.59,38.7845],[-0.59,38.7769],[-0.5843,38.7684],[-0.5754,38.7641],[-0.5656,38.7554],[-0.5599,38.7539],[-0.5565,38.7575],[-0.5315,38.7672],[-0.5258,38.7639],[-0.5252,38.7602],[-0.5209,38.7567],[-0.5075,38.7553],[-0.5071,38.743],[-0.494,38.7383],[-0.4942,38.7339],[-0.4752,38.7241],[-0.4649,38.7157],[-0.4506,38.7138],[-0.4478,38.7058],[-0.4493,38.7029],[-0.444,38.7016],[-0.4364,38.6881],[-0.4294,38.6913],[-0.4167,38.6881],[-0.3862,38.6921],[-0.3841,38.6956],[-0.3805,38.6947],[-0.3743,38.701],[-0.3798,38.7068],[-0.3779,38.7099],[-0.3711,38.7118],[-0.3698,38.7091],[-0.3654,38.7087],[-0.3595,38.7041],[-0.3571,38.6911],[-0.3546,38.6913],[-0.3548,38.6854],[-0.3421,38.6841],[-0.3461,38.6803],[-0.3435,38.6728],[-0.347,38.6675],[-0.3494,38.6688],[-0.3512,38.6672],[-0.3518,38.663],[-0.3544,38.6613],[-0.3534,38.6492],[-0.3356,38.654],[-0.3288,38.6519],[-0.3255,38.6445],[-0.3122,38.6412],[-0.3056,38.6501],[-0.3108,38.6638],[-0.3082,38.6731],[-0.3127,38.6767],[-0.3022,38.6785],[-0.3091,38.6828],[-0.3072,38.6997],[-0.281,38.7124],[-0.2571,38.7184],[-0.2386,38.7143],[-0.2351,38.716],[-0.2244,38.7126],[-0.2262,38.7149],[-0.222,38.7195],[-0.2252,38.7234],[-0.2216,38.7323],[-0.238,38.7504],[-0.2301,38.7584],[-0.1957,38.77],[-0.2289,38.7788],[-0.2556,38.7753],[-0.2804,38.7643],[-0.287,38.7662],[-0.292,38.7722],[-0.2836,38.7828],[-0.287,38.7935],[-0.2857,38.8057],[-0.298,38.8204],[-0.3072,38.8223],[-0.3066,38.8245],[-0.281,38.8359],[-0.2603,38.8599],[-0.2734,38.864],[-0.2891,38.8726],[-0.2993,38.8817],[-0.3108,38.8815],[-0.3139,38.8731],[-0.3174,38.8685],[-0.323,38.8662],[-0.3235,38.8635],[-0.3448,38.8627],[-0.3541,38.8579],[-0.3499,38.8573]]]}},{"type":"Feature","properties":{"n":"el Baix Maestrat"},"geometry":{"type":"MultiPolygon","coordinates":[[[[0.4706,40.462],[0.4705,40.462],[0.4706,40.462],[0.4706,40.462]]],[[[0.3106,40.2686],[0.3329,40.2833],[0.3354,40.292],[0.3468,40.2961],[0.3504,40.2997],[0.3539,40.3123],[0.3627,40.3198],[0.3663,40.3261],[0.3863,40.3401],[0.3923,40.352],[0.4,40.3555],[0.3991,40.3575],[0.4064,40.3562],[0.4033,40.3549],[0.4021,40.3533],[0.4084,40.3574],[0.408,40.3601],[0.4041,40.3605],[0.4037,40.3643],[0.4181,40.4008],[0.4301,40.4096],[0.43,40.4116],[0.4334,40.4112],[0.4341,40.4127],[0.4314,40.4135],[0.4344,40.4164],[0.4352,40.4093],[0.4411,40.4289],[0.4482,40.4391],[0.4596,40.4492],[0.465,40.4587],[0.471,40.4634],[0.4756,40.4605],[0.4721,40.4633],[0.4747,40.4636],[0.4731,40.4647],[0.4752,40.4665],[0.4782,40.4621],[0.4759,40.4573],[0.4777,40.4586],[0.4787,40.4621],[0.4769,40.4673],[0.4839,40.4737],[0.4801,40.4769],[0.4832,40.475],[0.4856,40.4767],[0.4887,40.4853],[0.4944,40.4898],[0.5055,40.5046],[0.5058,40.5086],[0.513,40.516],[0.5146,40.523],[0.4778,40.532],[0.4387,40.5464],[0.4361,40.5497],[0.4369,40.5577],[0.4336,40.5658],[0.4432,40.5787],[0.432,40.5793],[0.4212,40.585],[0.4049,40.5951],[0.4068,40.5978],[0.4019,40.6028],[0.3947,40.6031],[0.3886,40.6068],[0.3717,40.605],[0.3368,40.6088],[0.3192,40.6147],[0.3154,40.614],[0.2984,40.6258],[0.2921,40.6231],[0.2791,40.6298],[0.2761,40.6366],[0.2706,40.6379],[0.2657,40.6447],[0.2694,40.648],[0.2677,40.6581],[0.275,40.67],[0.2831,40.6728],[0.2856,40.6786],[0.2924,40.6848],[0.292,40.6881],[0.2767,40.6941],[0.2704,40.703],[0.262,40.706],[0.2515,40.7049],[0.242,40.7002],[0.2361,40.7016],[0.2274,40.7149],[0.2246,40.7256],[0.2264,40.7331],[0.2161,40.7323],[0.1973,40.7241],[0.191,40.7311],[0.1817,40.7281],[0.1703,40.7327],[0.1644,40.7279],[0.1646,40.7238],[0.1446,40.7183],[0.1238,40.7208],[0.115,40.7277],[0.0725,40.714],[0.0422,40.691],[0.0363,40.6936],[0.0209,40.6936],[0.0113,40.6961],[-0.0094,40.6939],[-0.0097,40.6894],[0.0007,40.6811],[-0.0044,40.6769],[0.0052,40.6753],[0.0048,40.6691],[0.0079,40.6646],[0.0204,40.6555],[0.0213,40.652],[0.0141,40.6486],[0.0381,40.6501],[0.0438,40.6495],[0.0495,40.6457],[0.0608,40.6443],[0.064,40.6472],[0.0897,40.6503],[0.1191,40.6345],[0.1394,40.6368],[0.1471,40.6297],[0.1547,40.6271],[0.1575,40.6137],[0.1627,40.6149],[0.1744,40.6104],[0.1766,40.6042],[0.1854,40.5976],[0.1835,40.5928],[0.1753,40.5876],[0.1746,40.584],[0.1535,40.576],[0.1453,40.5746],[0.1163,40.5866],[0.0977,40.5823],[0.0801,40.5731],[0.0778,40.5698],[0.0778,40.5659],[0.0852,40.5555],[0.0831,40.5485],[0.095,40.5474],[0.0984,40.5412],[0.0987,40.5373],[0.0957,40.5361],[0.0926,40.5297],[0.0937,40.5256],[0.0906,40.5186],[0.0858,40.5149],[0.0797,40.5028],[0.0938,40.4785],[0.0914,40.4724],[0.0922,40.4597],[0.0962,40.4588],[0.0998,40.4522],[0.1123,40.4502],[0.1155,40.4475],[0.113,40.4444],[0.1146,40.4432],[0.1084,40.4392],[0.108,40.429],[0.1024,40.4285],[0.1032,40.4236],[0.0973,40.4219],[0.1066,40.4161],[0.1138,40.4084],[0.1133,40.4049],[0.1208,40.397],[0.1203,40.3943],[0.129,40.3919],[0.1344,40.3832],[0.1458,40.3807],[0.1513,40.3821],[0.169,40.373],[0.1675,40.3706],[0.1694,40.3678],[0.1646,40.3598],[0.1805,40.3433],[0.1655,40.3278],[0.1736,40.3108],[0.1799,40.3034],[0.1797,40.2942],[0.1718,40.2869],[0.1765,40.2653],[0.1741,40.2569],[0.1538,40.2234],[0.1657,40.2197],[0.1706,40.2216],[0.1789,40.2315],[0.1949,40.2358],[0.2063,40.2342],[0.2482,40.2128],[0.2534,40.2089],[0.2554,40.2036],[0.2647,40.2095],[0.2782,40.2445],[0.2876,40.2485],[0.2878,40.2512],[0.2881,40.248],[0.2896,40.2505],[0.2873,40.2528],[0.296,40.2585],[0.3042,40.2597],[0.3106,40.2686]]],[[[0.3032,40.2594],[0.3033,40.2594],[0.3033,40.2594],[0.3032,40.2594]]],[[[0.2738,40.2283],[0.2739,40.2284],[0.2739,40.2284],[0.2738,40.2283]]]]}}]}